Fecha,Hora,Mensaje,longitud_mensaje,cantidad_palabras,segundos_dia,contiene_error,contiene_warning,contiene_test,anomaly_score,is_anomaly,anomaly_label
2026-10-09,14:01:34,"Starting Lynis 3.1.6 with PID 98158, build date 2025-10-22",58,9,50494.0,0,0,0,0.007708089021968512,1,Normal
2026-10-09,14:01:34,====,4,1,50494.0,0,0,0,0.05251475690302948,1,Normal
2026-10-09,14:01:34,"### 2007-2025, CISOfy - https://cisofy.com/lynis/ ###",53,6,50494.0,0,0,0,0.026911866141663188,1,Normal
2026-10-09,14:01:34,Checking permissions of /usr/share/lynis/include/profiles,57,4,50494.0,0,0,1,-0.023542985252996307,-1,Anomalía
2026-10-09,14:01:34,File permissions are OK,23,4,50494.0,0,0,0,0.030096932807643917,1,Normal
2026-10-09,14:01:34,Reading profile/configuration /etc/lynis/default.prf,52,3,50494.0,0,0,0,-0.03288930950536678,-1,Anomalía
2026-10-09,14:01:34,Action: created temporary file /tmp/lynis.ec9PKHtF4j,52,5,50494.0,0,0,0,0.00875646626132598,1,Normal
2026-10-09,14:01:35,Language set via profile to '',30,6,50495.0,0,0,0,0.0036452753454357945,1,Normal
2026-10-09,14:01:36,Plugin 'authentication' enabled according profile (/etc/lynis/default.prf),74,6,50496.0,0,0,0,-0.0899052259041157,-1,Anomalía
2026-10-09,14:01:36,Plugin 'compliance' enabled according profile (/etc/lynis/default.prf),70,6,50496.0,0,0,0,-0.08943389294284798,-1,Anomalía
2026-10-09,14:01:37,Plugin 'configuration' enabled according profile (/etc/lynis/default.prf),73,6,50497.0,0,0,0,-0.08943389294284798,-1,Anomalía
2026-10-09,14:01:37,Plugin 'control-panels' enabled according profile (/etc/lynis/default.prf),74,6,50497.0,0,0,0,-0.08943389294284798,-1,Anomalía
2026-10-09,14:01:37,Plugin 'crypto' enabled according profile (/etc/lynis/default.prf),66,6,50497.0,0,0,0,-0.08861688931355338,-1,Anomalía
2026-10-09,14:01:37,Plugin 'dns' enabled according profile (/etc/lynis/default.prf),63,6,50497.0,0,0,0,-0.08898380706313075,-1,Anomalía
2026-10-09,14:01:37,Plugin 'docker' enabled according profile (/etc/lynis/default.prf),66,6,50497.0,0,0,0,-0.08861688931355338,-1,Anomalía
2026-10-09,14:01:37,Plugin 'file-integrity' enabled according profile (/etc/lynis/default.prf),74,6,50497.0,0,0,0,-0.1065259427853874,-1,Anomalía
2026-10-09,14:01:38,Plugin 'file-systems' enabled according profile (/etc/lynis/default.prf),72,6,50498.0,0,0,0,-0.10636315692188525,-1,Anomalía
2026-10-09,14:01:38,Plugin 'firewalls' enabled according profile (/etc/lynis/default.prf),69,6,50498.0,0,0,0,-0.0889630380850776,-1,Anomalía
2026-10-09,14:01:38,Plugin 'forensics' enabled according profile (/etc/lynis/default.prf),69,6,50498.0,0,0,0,-0.0889630380850776,-1,Anomalía
2026-10-09,14:01:38,Plugin 'hardware' enabled according profile (/etc/lynis/default.prf),68,6,50498.0,0,0,0,-0.08880619262720607,-1,Anomalía
2026-10-09,14:01:38,Plugin 'intrusion-detection' enabled according profile (/etc/lynis/default.prf),79,6,50498.0,0,0,0,-0.09088199561813715,-1,Anomalía
2026-10-09,14:01:38,Plugin 'intrusion-prevention' enabled according profile (/etc/lynis/default.prf),80,6,50498.0,0,0,0,-0.09088199561813715,-1,Anomalía
2026-10-09,14:01:38,Plugin 'kernel' enabled according profile (/etc/lynis/default.prf),66,6,50498.0,0,0,0,-0.09758186038572775,-1,Anomalía
2026-10-09,14:01:38,Plugin 'malware' enabled according profile (/etc/lynis/default.prf),67,6,50498.0,0,0,0,-0.0889630380850776,-1,Anomalía
2026-10-09,14:01:39,Plugin 'memory' enabled according profile (/etc/lynis/default.prf),66,6,50499.0,0,0,0,-0.08746908043614865,-1,Anomalía
2026-10-09,14:01:39,Plugin 'nginx' enabled according profile (/etc/lynis/default.prf),65,6,50499.0,0,0,0,-0.08793841833733435,-1,Anomalía
2026-10-09,14:01:39,Plugin 'pam' enabled according profile (/etc/lynis/default.prf),63,6,50499.0,0,0,0,-0.08786754535162072,-1,Anomalía
2026-10-09,14:01:39,Plugin 'processes' enabled according profile (/etc/lynis/default.prf),69,6,50499.0,0,0,0,-0.0879708816410898,-1,Anomalía
2026-10-09,14:01:39,Plugin 'security-modules' enabled according profile (/etc/lynis/default.prf),76,6,50499.0,0,0,0,-0.08941442022752932,-1,Anomalía
2026-10-09,14:01:39,Plugin 'software' enabled according profile (/etc/lynis/default.prf),68,6,50499.0,0,0,0,-0.08781437176618861,-1,Anomalía
2026-10-09,14:01:39,Plugin 'system-integrity' enabled according profile (/etc/lynis/default.prf),76,6,50499.0,0,0,0,-0.08941442022752932,-1,Anomalía
2026-10-09,14:01:40,Plugin 'systemd' enabled according profile (/etc/lynis/default.prf),67,6,50500.0,0,0,0,-0.10190138807428173,-1,Anomalía
2026-10-09,14:01:40,Plugin 'users' enabled according profile (/etc/lynis/default.prf),65,6,50500.0,0,0,0,-0.08982054041540954,-1,Anomalía
2026-10-09,14:01:40,Plugin 'krb5' enabled according profile (/etc/lynis/default.prf),64,6,50500.0,0,0,0,-0.08985313577238219,-1,Anomalía
2026-10-09,14:01:40,Plugin 'debian' enabled according profile (/etc/lynis/default.prf),66,6,50500.0,0,0,0,-0.08934929335610847,-1,Anomalía
2026-10-09,14:01:50,Reading profile/configuration /etc/lynis/custom.prf,51,3,50510.0,0,0,0,-0.0001335833763411176,-1,Anomalía
2026-10-09,14:01:50,Set option to default value: NTPD_ROLE --> client,49,8,50510.0,0,0,0,-0.009540402734401543,-1,Anomalía
2026-10-09,14:01:50,====,4,1,50510.0,0,0,0,0.05886797550494821,1,Normal
2026-10-09,14:01:50,EOL check: 255,14,3,50510.0,0,0,0,0.04401024649806201,1,Normal
2026-10-09,14:01:50,Note: the end-of-life of 'Ubuntu 26.04 LTS' could not be checked. Entry is missing in db/software-eol.db?,105,16,50510.0,0,0,0,0.017131090868103382,1,Normal
2026-10-09,14:01:50,Program version:           3.1.6,32,3,50510.0,0,0,0,0.04289391601958081,1,Normal
2026-10-09,14:01:50,Operating system:          Linux,32,3,50510.0,0,0,0,0.03230992258330345,1,Normal
2026-10-09,14:01:50,Operating system name:     Ubuntu,33,4,50510.0,0,0,0,0.042745010036867426,1,Normal
2026-10-09,14:01:50,Operating system version:  26.04,32,4,50510.0,0,0,0,0.040837871568219164,1,Normal
2026-10-09,14:01:50,Kernel version:            7.0.0,32,3,50510.0,0,0,0,0.033394750229274406,1,Normal
2026-10-09,14:01:50,Kernel version (full):     7.0.0-30-generic,43,4,50510.0,0,0,0,0.028831592920273375,1,Normal
2026-10-09,14:01:50,Hardware platform:         x86_64,33,3,50510.0,0,0,0,0.04315928321998591,1,Normal
2026-10-09,14:01:50,-----------------------------------------------------,53,1,50510.0,0,0,0,0.05422062529452165,1,Normal
2026-10-09,14:01:50,Hostname:                  ubuntu3,34,2,50510.0,0,0,0,0.06766684036298948,1,Normal
2026-10-09,14:01:50,Auditor:                   [Not Specified],42,3,50510.0,0,0,0,0.06479388122203933,1,Normal
2026-10-09,14:01:50,Profiles:                  /etc/lynis/default.prf /etc/lynis/custom.prf,71,3,50510.0,0,0,0,-0.009429189916529745,-1,Anomalía
2026-10-09,14:01:50,Work directory:            /,28,3,50510.0,0,0,0,0.042336331461373444,1,Normal
2026-10-09,14:01:51,Include directory:         /usr/share/lynis/include,51,3,50511.0,0,0,0,0.006541505614918897,1,Normal
2026-10-09,14:01:51,Plugin directory:          /etc/lynis/plugins,45,3,50511.0,0,0,0,0.008123438180137943,1,Normal
2026-10-09,14:01:51,-----------------------------------------------------,53,1,50511.0,0,0,0,0.054329040891008096,1,Normal
2026-10-09,14:01:51,Log file:                  /var/log/lynis.log,45,3,50511.0,0,0,0,0.03053078741187476,1,Normal
2026-10-09,14:01:51,Report file:               /var/log/lynis-report.dat,52,3,50511.0,0,0,0,0.011679750042288772,1,Normal
2026-10-09,14:01:51,Report version:            1.0,30,3,50511.0,0,0,0,0.04289391601958081,1,Normal
2026-10-09,14:01:51,-----------------------------------------------------,53,1,50511.0,0,0,0,0.054329040891008096,1,Normal
2026-10-09,14:01:51,Test category:             all,30,3,50511.0,0,0,1,0.01780720178166917,1,Normal
2026-10-09,14:01:51,Test group:                all,30,3,50511.0,0,0,1,0.01780720178166917,1,Normal
2026-10-09,14:01:51,BusyBox used:              0,28,3,50511.0,0,0,0,0.0668834859062124,1,Normal
2026-10-09,14:01:51,====,4,1,50511.0,0,0,0,0.058974819200554474,1,Normal
2026-10-09,14:01:51,Test: Checking for program update...,36,5,50511.0,0,0,1,-0.006398196406567802,-1,Anomalía
2026-10-09,14:01:51,Upgrade test skipped due profile option set (skip_upgrade_test),63,8,50511.0,0,0,1,-0.04328166526112126,-1,Anomalía
2026-10-09,14:01:51,Current installed version  : 316,32,5,50511.0,0,0,0,0.039605096160349185,1,Normal
2026-10-09,14:01:51,Latest stable version      : 316,32,5,50511.0,0,0,1,0.014949544270455528,1,Normal
2026-10-09,14:01:51,No Lynis update available.,26,4,50511.0,0,0,0,0.030751422343552104,1,Normal
2026-10-09,14:01:56,====,4,1,50516.0,0,0,0,0.058974819200554474,1,Normal
2026-10-09,14:01:56,Checking permissions of /usr/share/lynis/include/binaries,57,4,50516.0,0,0,1,-0.03755922128607192,-1,Anomalía
2026-10-09,14:01:56,File permissions are OK,23,4,50516.0,0,0,0,0.03587337721537609,1,Normal
2026-10-09,14:01:56,====,4,1,50516.0,0,0,0,0.058974819200554474,1,Normal
2026-10-09,14:01:56,Action: Performing tests from category: System tools,52,7,50516.0,0,0,1,0.026468571237906358,1,Normal
2026-10-09,14:01:56,Start scanning for available audit binaries and tools...,56,8,50516.0,0,0,0,0.004504532008959838,1,Normal
2026-10-09,14:01:56,====,4,1,50516.0,0,0,0,0.058974819200554474,1,Normal
2026-10-09,14:01:56,Performing test ID CORE-1000 (Check all system binaries),56,8,50516.0,0,0,1,-0.031805833104176895,-1,Anomalía
2026-10-09,14:01:56,Status: Starting binary scan...,31,4,50516.0,0,0,0,0.033123916107685114,1,Normal
2026-10-09,14:01:57,Test: Checking binaries in directory /snap/bin,46,6,50517.0,0,0,1,-0.03740003277395537,-1,Anomalía
2026-10-09,14:01:57,Directory /snap/bin exists. Starting directory scanning...,58,6,50517.0,0,0,0,-0.01701393697525977,-1,Anomalía
2026-10-09,14:01:57,Test: Checking binaries in directory /usr/bin,45,6,50517.0,0,0,1,-0.04613767152197401,-1,Anomalía
2026-10-09,14:01:57,Directory /usr/bin exists. Starting directory scanning...,57,6,50517.0,0,0,0,-0.01893745964381577,-1,Anomalía
2026-10-09,14:01:57,  Found known binary: apt (package manager) - /usr/bin/apt,58,8,50517.0,0,0,0,0.016582277789674693,1,Normal
2026-10-09,14:01:57,  Found known binary: as (compiler) - /usr/bin/as,49,7,50517.0,0,0,0,0.016831942094355345,1,Normal
2026-10-09,14:01:57,  Found known binary: awk (string tool) - /usr/bin/awk,54,8,50517.0,0,0,0,0.010822436376243694,1,Normal
2026-10-09,14:01:57,  Found known binary: base64 (encoding tool) - /usr/bin/base64,62,8,50517.0,0,0,0,0.007214094724873499,1,Normal
2026-10-09,14:01:57,  Found known binary: cat (generic file handling) - /usr/bin/cat,64,9,50517.0,0,0,0,-0.004845585789818196,-1,Anomalía
2026-10-09,14:01:57,  Found known binary: cc (compiler) - /usr/bin/cc,49,7,50517.0,0,0,0,0.016831942094355345,1,Normal
2026-10-09,14:01:57,  Found known binary: comm (file compare) - /usr/bin/comm,57,8,50517.0,0,0,0,-0.0007789956615948945,-1,Anomalía
2026-10-09,14:01:57,"  Found known binary: curl (browser, download utility) - /usr/bin/curl",70,9,50517.0,0,0,0,0.0055163972833257024,1,Normal
2026-10-09,14:01:57,  Found known binary: cut (text stream editor) - /usr/bin/cut,61,9,50517.0,0,0,0,0.009377002306101612,1,Normal
2026-10-09,14:01:57,  Found known binary: dig (network/dns tool) - /usr/bin/dig,59,8,50517.0,0,0,0,0.007301945021592815,1,Normal
2026-10-09,14:01:57,  Found known binary: dnsdomainname (DNS domain) - /usr/bin/dnsdomainname,73,8,50517.0,0,0,0,0.00829744404752053,1,Normal
2026-10-09,14:01:57,  Found known binary: domainname (NIS domain) - /usr/bin/domainname,67,8,50517.0,0,0,0,0.009004210604699137,1,Normal
2026-10-09,14:01:57,  Found known binary: dpkg (package management) - /usr/bin/dpkg,63,8,50517.0,0,0,0,0.006664333116256416,1,Normal
2026-10-09,14:01:57,  Found known binary: file (file type detection) - /usr/bin/file,64,9,50517.0,0,0,0,0.010316264796004893,1,Normal
2026-10-09,14:01:57,  Found known binary: find (search tool) - /usr/bin/find,56,8,50517.0,0,0,0,0.007177617789107804,1,Normal
2026-10-09,14:01:57,  Found known binary: g++ (compiler) - /usr/bin/g++,51,7,50517.0,0,0,0,0.015942991230211756,1,Normal
2026-10-09,14:01:57,  Found known binary: gcc (compiler) - /usr/bin/gcc,51,7,50517.0,0,0,0,0.0265576372051734,1,Normal
2026-10-09,14:01:57,  Found known binary: getent (query tool for name service switch libraries) - /usr/bin/getent,93,13,50517.0,0,0,0,-0.013246160303292731,-1,Anomalía
2026-10-09,14:01:57,  Found known binary: grep (text search) - /usr/bin/grep,56,8,50517.0,0,0,0,0.010946599007623015,1,Normal
2026-10-09,14:01:57,  Found known binary: gzip (compressing utility) - /usr/bin/gzip,64,8,50517.0,0,0,0,0.01037178578723752,1,Normal
2026-10-09,14:01:57,  Found known binary: head (text filter) - /usr/bin/head,56,8,50517.0,0,0,0,0.010946599007623015,1,Normal
2026-10-09,14:01:57,  Found known binary: ip (IP configuration) - /usr/bin/ip,57,8,50517.0,0,0,0,0.039260512107932855,1,Normal
2026-10-09,14:01:57,  Found known binary: journalctl (systemd journal) - /usr/bin/journalctl,72,8,50517.0,0,0,0,0.0006897379546847993,1,Normal
2026-10-09,14:01:57,  Found known binary: ls (file listing) - /usr/bin/ls,53,8,50517.0,0,0,0,0.0028189179112226848,1,Normal
2026-10-09,14:01:57,  Found known binary: lsattr (file attributes) - /usr/bin/lsattr,64,8,50517.0,0,0,0,-0.0015698266059300803,-1,Anomalía
2026-10-09,14:01:57,  Found known binary: lsblk (block devices) - /usr/bin/lsblk,60,8,50517.0,0,0,0,0.010373156547572537,1,Normal
2026-10-09,14:01:57,  Found known binary: lsmod (kernel modules) - /usr/bin/lsmod,61,8,50517.0,0,0,0,0.021154140440070024,1,Normal
2026-10-09,14:01:57,  Found known binary: lsof (open files) - /usr/bin/lsof,55,8,50517.0,0,0,0,0.011628056309595902,1,Normal
2026-10-09,14:01:57,Note: added -K i to ignore tasks on Linux,41,9,50517.0,0,0,0,0.02513342061185464,1,Normal
2026-10-09,14:01:57,  Found known binary: md5sum (hash tool) - /usr/bin/md5sum,58,8,50517.0,0,0,0,0.007301945021592815,1,Normal
2026-10-09,14:01:57,  Found known binary: mount (disk utility) - /usr/bin/mount,59,8,50517.0,0,0,0,0.02125391417619088,1,Normal
2026-10-09,14:01:57,Found /usr/bin/openssl (version 3.5.5),38,4,50517.0,0,0,0,0.021752871476053037,1,Normal
2026-10-09,14:01:57,Found /usr/bin/perl (version 5.40.1),36,4,50517.0,0,0,0,0.02221046859949799,1,Normal
2026-10-09,14:01:58,  Found known binary: pgrep (search in process list) - /usr/bin/pgrep,69,10,50518.0,0,0,0,0.002981065542943584,1,Normal
2026-10-09,14:01:58,  Found known binary: ps (process listing) - /usr/bin/ps,56,8,50518.0,0,0,0,0.010445398786335824,1,Normal
2026-10-09,14:01:58,Found known binary: python3 (programming language interpreter) - /usr/bin/python3 (version 3.14.4),98,11,50518.0,0,0,0,4.452779211366886e-05,1,Normal
2026-10-09,14:01:58,  Found known binary: readlink (follows symlinks) - /usr/bin/readlink,69,8,50518.0,0,0,0,0.008829228918233567,1,Normal
2026-10-09,14:01:58,  Found known binary: resolvectl (systemd-resolved DNS resolver manager) - /usr/bin/resolvectl,94,10,50518.0,0,0,0,0.0010663714563238225,1,Normal
2026-10-09,14:01:58,  Found known binary: sed (text stream editor) - /usr/bin/sed,61,9,50518.0,0,0,0,0.009276205548164995,1,Normal
2026-10-09,14:01:58,  Found known binary: sha1/sha1sum/shasum (crypto hashing) - /usr/bin/sha1sum,77,8,50518.0,0,0,0,0.007830241924633108,1,Normal
2026-10-09,14:01:58,  Found known binary: sha256/sha256sum (crypto hashing) - /usr/bin/sha256sum,76,8,50518.0,0,0,0,0.008308026943281643,1,Normal
2026-10-09,14:01:58,  Found known binary: sha1/sha1sum/shasum (crypto hashing) - /usr/bin/shasum,76,8,50518.0,0,0,0,0.008308026943281643,1,Normal
2026-10-09,14:01:58,  Found known binary: sort (sort data streams) - /usr/bin/sort,62,9,50518.0,0,0,0,0.006784747922585488,1,Normal
2026-10-09,14:01:58,  Found known binary: ss (show sockets) - /usr/bin/ss,53,8,50518.0,0,0,0,0.01344719461336591,1,Normal
2026-10-09,14:01:58,  Found known binary: ssh-keyscan (scanner for SSH keys) - /usr/bin/ssh-keyscan,79,10,50518.0,0,0,0,0.0142667401026903,1,Normal
2026-10-09,14:01:58,  Found known binary: stat (file information) - /usr/bin/stat,61,8,50518.0,0,0,0,-0.0006782014255306001,-1,Anomalía
2026-10-09,14:01:58,  Found known binary: strings (text strings search) - /usr/bin/strings,70,9,50518.0,0,0,0,0.006193481112477639,1,Normal
2026-10-09,14:01:58,  Found known binary: systemctl (client to systemd) - /usr/bin/systemctl,72,9,50518.0,0,0,0,0.004495436618591031,1,Normal
2026-10-09,14:01:58,  Found known binary: systemd-analyze (systemd service analysis tool) - /usr/bin/systemd-analyze,96,10,50518.0,0,0,0,-0.012067385780575923,-1,Anomalía
2026-10-09,14:01:58,  Found known binary: tail (text filter) - /usr/bin/tail,56,8,50518.0,0,0,0,0.010820702869236254,1,Normal
2026-10-09,14:01:58,  Found known binary: timedatectl (timedate client) - /usr/bin/timedatectl,74,8,50518.0,0,0,0,0.015939895380522318,1,Normal
2026-10-09,14:01:58,  Found known binary: tr (text transformation) - /usr/bin/tr,60,8,50518.0,0,0,0,0.010820702869236254,1,Normal
2026-10-09,14:01:58,  Found known binary: uname (operating system details) - /usr/bin/uname,71,9,50518.0,0,0,0,0.0053138282235111745,1,Normal
2026-10-09,14:01:58,  Found known binary: uniq (text manipulation utility) - /usr/bin/uniq,70,9,50518.0,0,0,0,0.006193481112477639,1,Normal
2026-10-09,14:01:58,  Found known binary: wc (word count) - /usr/bin/wc,51,8,50518.0,0,0,0,0.01344719461336591,1,Normal
2026-10-09,14:01:58,Found /usr/bin/wget (version 1.25.0),36,4,50518.0,0,0,0,0.022197501289952293,1,Normal
2026-10-09,14:01:58,  Found known binary: xargs (command output redirection) - /usr/bin/xargs,73,9,50518.0,0,0,0,0.0053138282235111745,1,Normal
2026-10-09,14:01:58,  Found known binary: zgrep (text search for compressed files) - /usr/bin/zgrep,79,11,50518.0,0,0,0,0.0020365752712915297,1,Normal
2026-10-09,14:01:58,Test: Checking binaries in directory /usr/sbin,46,6,50518.0,0,0,1,-0.046972497851351325,-1,Anomalía
2026-10-09,14:01:58,Directory /usr/sbin exists. Starting directory scanning...,58,6,50518.0,0,0,0,-0.023049045816144198,-1,Anomalía
2026-10-09,14:01:58,  Found known binary: aa-status (apparmor component) - /usr/sbin/aa-status,74,8,50518.0,0,0,0,0.010077274337292386,1,Normal
2026-10-09,14:01:58,  Found known binary: blkid (information about block devices) - /usr/sbin/blkid,79,10,50518.0,0,0,0,-0.00520666748544979,-1,Anomalía
2026-10-09,14:01:58,  Found known binary: dmidecode (hardware collector tool) - /usr/sbin/dmidecode,79,9,50518.0,0,0,0,-0.00289176782098316,-1,Anomalía
2026-10-09,14:01:58,  Found known binary: getcap (kernel capabilities) - /usr/sbin/getcap,69,8,50518.0,0,0,0,0.005768791803765272,1,Normal
2026-10-09,14:01:58,  Found known binary: grpck (consistency checker) - /usr/sbin/grpck,67,8,50518.0,0,0,0,0.0004983948057826759,1,Normal
2026-10-09,14:01:58,  Found known binary: ip (IP configuration) - /usr/sbin/ip,58,8,50518.0,0,0,0,0.037916136439703985,1,Normal
2026-10-09,14:01:58,  Found known binary: iptables (firewall) - /usr/sbin/iptables,62,7,50518.0,0,0,0,0.002414854740926675,1,Normal
2026-10-09,14:01:58,  Found known binary: iptables-save (firewall) - /usr/sbin/iptables-save,72,7,50518.0,0,0,0,0.004989291553727182,1,Normal
2026-10-09,14:01:58,  Found known binary: logrotate (log rotation tool) - /usr/sbin/logrotate,73,9,50518.0,0,0,0,-0.0013940465953257153,-1,Anomalía
2026-10-09,14:01:58,  Found known binary: lsmod (kernel modules) - /usr/sbin/lsmod,62,8,50518.0,0,0,0,0.018640401745641744,1,Normal
2026-10-09,14:01:58,  Found known binary: modprobe (kernel modules) - /usr/sbin/modprobe,68,8,50518.0,0,0,0,0.005768791803765272,1,Normal
2026-10-09,14:01:58,  Found known binary: nft (nftables client) - /usr/sbin/nft,59,8,50518.0,0,0,0,0.003010659408528016,1,Normal
2026-10-09,14:01:58,  Found known binary: service (system services) - /usr/sbin/service,67,8,50518.0,0,0,0,0.021789539942658587,1,Normal
2026-10-09,14:01:58,  Found known binary: swapon (swap device tool) - /usr/sbin/swapon,66,9,50518.0,0,0,0,-0.0026363449036537756,-1,Anomalía
2026-10-09,14:01:58,  Found known binary: sysctl (kernel parameters) - /usr/sbin/sysctl,67,8,50518.0,0,0,0,0.005768791803765272,1,Normal
2026-10-09,14:01:58,  Found known binary: tune2fs (file system tool) - /usr/sbin/tune2fs,68,9,50518.0,0,0,0,-0.013833663110442818,-1,Anomalía
2026-10-09,14:01:58,Test: Checking binaries in directory /usr/local/bin,51,6,50518.0,0,0,1,-0.05656060038153787,-1,Anomalía
2026-10-09,14:01:58,Directory /usr/local/bin exists. Starting directory scanning...,63,6,50518.0,0,0,0,-0.03383162871453149,-1,Anomalía
2026-10-09,14:01:58,Test: Checking binaries in directory /usr/local/sbin,52,6,50518.0,0,0,1,-0.05666958405554362,-1,Anomalía
2026-10-09,14:01:58,Directory /usr/local/sbin exists. Starting directory scanning...,64,6,50518.0,0,0,0,-0.036823607465874875,-1,Anomalía
2026-10-09,14:01:58,"Discovered directories: /snap/bin,/usr/bin,/usr/sbin,/usr/local/bin,/usr/local/sbin",83,3,50518.0,0,0,0,0.002151316663284053,1,Normal
2026-10-09,14:01:58,Result: found 2087 binaries including 21 set-uid and 6 set-gid,62,10,50518.0,0,0,0,-0.015528769884304794,-1,Anomalía
2026-10-09,14:01:58,Result: set-uid binaries: /usr/bin/VBoxDRMClient /usr/bin/chfn /usr/bin/chsh /usr/bin/fusermount /usr/bin/fusermount3 /usr/bin/gpasswd /usr/bin/mount /usr/bin/ntfs-3g /usr/bin/passwd /usr/bin/pkexec /usr/bin/su /usr/bin/su-rs /usr/bin/sudo /usr/bin/sudo-rs /usr/bin/sudo.ws /usr/bin/sudoedit /usr/bin/sudoedit-rs /usr/bin/umount /usr/sbin/mount.ntfs /usr/sbin/mount.ntfs-3g /usr/sbin/pppd ,389,24,50518.0,0,0,0,-0.022309651572625933,-1,Anomalía
2026-10-09,14:01:58,Result: set-gid binaries: /usr/bin/chage /usr/bin/crontab /usr/bin/expiry /usr/bin/ssh-agent /usr/sbin/pam_extrausers_chkpwd /usr/sbin/unix_chkpwd ,147,9,50518.0,0,0,0,-0.024053636683893875,-1,Anomalía
2026-10-09,14:01:58,====,4,1,50518.0,0,0,0,0.05899697324147918,1,Normal
2026-10-09,14:01:58,Informational: package manager is used,38,5,50518.0,0,0,0,0.04169631924001649,1,Normal
2026-10-09,14:01:58,Test: Determine if this system is a virtual machine,51,9,50518.0,0,0,1,-0.013778817638848972,-1,Anomalía
2026-10-09,14:01:58,Result: facter utility not found,32,5,50518.0,0,0,0,0.04228107147200666,1,Normal
2026-10-09,14:01:58,Test: trying to guess virtualization technology with systemd-detect-virt,72,8,50518.0,0,0,1,-0.014921468119992898,-1,Anomalía
2026-10-09,14:01:58,Result: found oracle,20,3,50518.0,0,0,0,0.044341894504925816,1,Normal
2026-10-09,14:01:58,"Result: skipped lscpu test, as we already found machine type",60,10,50518.0,0,0,1,-0.0399847997425416,-1,Anomalía
2026-10-09,14:01:58,"Result: skipped dmidecode test, as we already found machine type",64,10,50518.0,0,0,1,-0.04002752135727217,-1,Anomalía
2026-10-09,14:01:58,"Result: skipped processes test, as we already found platform",60,9,50518.0,0,0,1,-0.03481141601253057,-1,Anomalía
2026-10-09,14:01:58,"Result: skipped Amazon EC2 test, as we already found platform",61,10,50518.0,0,0,1,-0.03690993929350339,-1,Anomalía
2026-10-09,14:01:58,"Result: skipped sysctl test, as we already found platform",57,9,50518.0,0,0,1,-0.03481141601253057,-1,Anomalía
2026-10-09,14:01:58,"Result: skipped lshw test, as we already found machine type",59,10,50518.0,0,0,1,-0.0399847997425416,-1,Anomalía
2026-10-09,14:01:58,"Result: found virtual machine (type: virtualbox, Oracle VM VirtualBox)",70,9,50518.0,0,0,0,0.007856126181759293,1,Normal
2026-10-09,14:01:58,Result: Lynis is not running in container,41,7,50518.0,0,0,0,0.0210811248557492,1,Normal
2026-10-09,14:01:58,Result: system is using systemd,31,5,50518.0,0,0,0,0.02464353731168284,1,Normal
2026-10-09,14:01:58,====,4,1,50518.0,0,0,0,0.05899697324147918,1,Normal
2026-10-09,14:01:58,Action: Performing plugin tests,31,4,50518.0,0,0,1,0.020339235884898832,1,Normal
2026-10-09,14:01:58,Searching plugins...,20,2,50518.0,0,0,0,0.06575222970511008,1,Normal
2026-10-09,14:01:58,Found plugin file: /etc/lynis/plugins/plugin_debian_phase1,58,4,50518.0,0,0,0,-0.006009961736503977,-1,Anomalía
2026-10-09,14:01:58,Action: checking plugin status in profile: /etc/lynis/default.prf,65,7,50518.0,0,0,1,-0.07715827238730893,-1,Anomalía
2026-10-09,14:01:58,Result: plugin enabled in profile (/etc/lynis/default.prf),58,6,50518.0,0,0,0,-0.06652923902554797,-1,Anomalía
2026-10-09,14:01:58,Action: checking plugin status in profile: /etc/lynis/custom.prf,64,7,50518.0,0,0,1,-0.057943817164739786,-1,Anomalía
2026-10-09,14:01:58,Result: plugin debian is enabled,32,5,50518.0,0,0,0,0.00706574350085204,1,Normal
2026-10-09,14:01:58,Checking permissions of /etc/lynis/plugins/plugin_debian_phase1,63,4,50518.0,0,0,1,-0.006818078604816702,-1,Anomalía
2026-10-09,14:01:59,File permissions are OK,23,4,50519.0,0,0,0,0.03587337721537609,1,Normal
2026-10-09,14:01:59,Including plugin file: /etc/lynis/plugins/plugin_debian_phase1 (version: 1.0.1),79,6,50519.0,0,0,0,-0.018476528147513327,-1,Anomalía
2026-10-09,14:01:59,====,4,1,50519.0,0,0,0,0.05899697324147918,1,Normal
2026-10-09,14:01:59,Action: Performing tests from category: Debian Tests,52,7,50519.0,0,0,1,0.026495793822778946,1,Normal
2026-10-09,14:01:59,====,4,1,50519.0,0,0,0,0.05899697324147918,1,Normal
2026-10-09,14:01:59,Performing test ID DEB-0001 (Check for system binaries required by Debian Tests),80,12,50519.0,0,0,1,-0.041924589629487696,-1,Anomalía
2026-10-09,14:01:59,Status: Starting binary scan...,31,4,50519.0,0,0,0,0.033123916107685114,1,Normal
2026-10-09,14:01:59,Test: Checking binaries in directory /bin,41,6,50519.0,0,0,1,-0.036395843407935724,-1,Anomalía
2026-10-09,14:01:59,Directory /bin exists. Starting directory scanning...,53,6,50519.0,0,0,0,-0.015525526793655209,-1,Anomalía
2026-10-09,14:01:59,Binary: /bin/3cpio,18,2,50519.0,0,0,0,0.06500894491485953,1,Normal
2026-10-09,14:01:59,Binary: /bin/GET,16,2,50519.0,0,0,0,0.0618952097055121,1,Normal
2026-10-09,14:01:59,Binary: /bin/HEAD,17,2,50519.0,0,0,0,0.06330922441491871,1,Normal
2026-10-09,14:01:59,Binary: /bin/POST,17,2,50519.0,0,0,0,0.06330922441491871,1,Normal
2026-10-09,14:01:59,Binary: /bin/VBoxAudioTest,26,2,50519.0,0,0,1,0.027965386951021964,1,Normal
2026-10-09,14:01:59,Binary: /bin/VBoxClient,23,2,50519.0,0,0,0,0.06419649220786189,1,Normal
2026-10-09,14:01:59,Binary: /bin/VBoxClient-all,27,2,50519.0,0,0,0,0.05773374816153165,1,Normal
2026-10-09,14:01:59,Binary: /bin/VBoxControl,24,2,50519.0,0,0,0,0.06263475257548212,1,Normal
2026-10-09,14:01:59,Binary: /bin/VBoxDRMClient,26,2,50519.0,0,0,0,0.05915826727616297,1,Normal
2026-10-09,14:01:59,Binary: /bin/X11,16,2,50519.0,0,0,0,0.0618952097055121,1,Normal
2026-10-09,14:01:59,Binary: /bin/Xwayland,21,2,50519.0,0,0,0,0.06530677056195522,1,Normal
2026-10-09,14:01:59,Binary: /bin/[,14,2,50519.0,0,0,0,0.061449592019558075,1,Normal
2026-10-09,14:01:59,Binary: /bin/aa-enabled,23,2,50519.0,0,0,0,0.02823977430922231,1,Normal
2026-10-09,14:01:59,Binary: /bin/aa-exec,20,2,50519.0,0,0,0,0.04699135895486928,1,Normal
2026-10-09,14:01:59,Binary: /bin/aa-features-abi,28,2,50519.0,0,0,0,0.04673131865332181,1,Normal
2026-10-09,14:01:59,Binary: /bin/aconnect,21,2,50519.0,0,0,0,0.06530677056195522,1,Normal
2026-10-09,14:01:59,Binary: /bin/acpidbg,20,2,50519.0,0,0,0,0.06560689016968863,1,Normal
2026-10-09,14:01:59,Binary: /bin/add-apt-repository,31,2,50519.0,0,0,0,0.054816845945877324,1,Normal
2026-10-09,14:01:59,Binary: /bin/addr2line,22,2,50519.0,0,0,0,0.06433154193575535,1,Normal
2026-10-09,14:01:59,Binary: /bin/airscan-discover,29,2,50519.0,0,0,0,0.0550908163775225,1,Normal
2026-10-09,14:01:59,Binary: /bin/alsabat,20,2,50519.0,0,0,0,0.06560689016968863,1,Normal
2026-10-09,14:01:59,Binary: /bin/alsaloop,21,2,50519.0,0,0,0,0.06530677056195522,1,Normal
2026-10-09,14:01:59,Binary: /bin/alsamixer,22,2,50519.0,0,0,0,0.06433154193575535,1,Normal
2026-10-09,14:01:59,Binary: /bin/alsatplg,21,2,50519.0,0,0,0,0.06530677056195522,1,Normal
2026-10-09,14:01:59,Binary: /bin/alsaucm,20,2,50519.0,0,0,0,0.06560689016968863,1,Normal
2026-10-09,14:01:59,Binary: /bin/amidi,18,2,50519.0,0,0,0,0.06500894491485953,1,Normal
2026-10-09,14:01:59,Binary: /bin/amixer,19,2,50519.0,0,0,0,0.06538750229820423,1,Normal
2026-10-09,14:01:59,Binary: /bin/aplay,18,2,50519.0,0,0,0,0.06500894491485953,1,Normal
2026-10-09,14:01:59,Binary: /bin/aplaymidi,22,2,50519.0,0,0,0,0.06433154193575535,1,Normal
2026-10-09,14:01:59,Binary: /bin/aplaymidi2,23,2,50519.0,0,0,0,0.06419649220786189,1,Normal
2026-10-09,14:01:59,Binary: /bin/apport-bug,23,2,50519.0,0,0,0,0.06419649220786189,1,Normal
2026-10-09,14:01:59,Binary: /bin/apport-cli,23,2,50519.0,0,0,0,0.06419649220786189,1,Normal
2026-10-09,14:01:59,Binary: /bin/apport-collect,27,2,50519.0,0,0,0,0.05773374816153165,1,Normal
2026-10-09,14:01:59,Binary: /bin/apport-unpack,26,2,50519.0,0,0,0,0.05915826727616297,1,Normal
2026-10-09,14:01:59,Binary: /bin/appres,19,2,50519.0,0,0,0,0.06538750229820423,1,Normal
2026-10-09,14:01:59,Binary: /bin/appstreamcli,25,2,50519.0,0,0,0,0.060325701127188214,1,Normal
2026-10-09,14:01:59,Binary: /bin/apropos,20,2,50519.0,0,0,0,0.06560689016968863,1,Normal
2026-10-09,14:01:59,Binary: /bin/apt,16,2,50519.0,0,0,0,0.0526980613670453,1,Normal
2026-10-09,14:01:59,Binary: /bin/apt-add-repository,31,2,50519.0,0,0,0,0.054816845945877324,1,Normal
2026-10-09,14:01:59,Binary: /bin/apt-cache,22,2,50519.0,0,0,0,0.053972504018712064,1,Normal
2026-10-09,14:01:59,Binary: /bin/apt-cdrom,22,2,50519.0,0,0,0,0.053972504018712064,1,Normal
2026-10-09,14:01:59,Binary: /bin/apt-config,23,2,50519.0,0,0,0,0.053929595915855666,1,Normal
2026-10-09,14:01:59,Binary: /bin/apt-get,20,2,50519.0,0,0,0,0.053972504018712064,1,Normal
2026-10-09,14:01:59,Binary: /bin/apt-mark,21,2,50519.0,0,0,0,0.053972504018712064,1,Normal
2026-10-09,14:01:59,Binary: /bin/aptdcon,20,2,50519.0,0,0,0,0.06560689016968863,1,Normal
2026-10-09,14:01:59,Binary: /bin/ar,15,2,50519.0,0,0,0,0.054918705933423906,1,Normal
2026-10-09,14:01:59,Binary: /bin/arch,17,2,50519.0,0,0,0,0.06330922441491871,1,Normal
2026-10-09,14:01:59,Binary: /bin/arecord,20,2,50519.0,0,0,0,0.06560689016968863,1,Normal
2026-10-09,14:02:00,Binary: /bin/arecordmidi,24,2,50520.0,0,0,0,0.0644602541005595,1,Normal
2026-10-09,14:02:00,Binary: /bin/arecordmidi2,25,2,50520.0,0,0,0,0.061483294092122553,1,Normal
2026-10-09,14:02:00,Binary: /bin/arm2hpdl,21,2,50520.0,0,0,0,0.06689929099564351,1,Normal
2026-10-09,14:02:00,Binary: /bin/as,15,2,50520.0,0,0,0,0.06268673401382846,1,Normal
2026-10-09,14:02:00,Binary: /bin/aseqdump,21,2,50520.0,0,0,0,0.06689929099564351,1,Normal
2026-10-09,14:02:00,Binary: /bin/aseqnet,20,2,50520.0,0,0,0,0.06749442020119656,1,Normal
2026-10-09,14:02:00,Binary: /bin/aseqsend,21,2,50520.0,0,0,0,0.06689929099564351,1,Normal
2026-10-09,14:02:00,Binary: /bin/aspell,19,2,50520.0,0,0,0,0.06717233696723651,1,Normal
2026-10-09,14:02:00,Binary: /bin/aspell-import,26,2,50520.0,0,0,0,0.060448562964787844,1,Normal
2026-10-09,14:02:00,Binary: /bin/awk,16,2,50520.0,0,0,0,0.06349269102767557,1,Normal
2026-10-09,14:02:00,Binary: /bin/axfer,18,2,50520.0,0,0,0,0.06655343971469818,1,Normal
2026-10-09,14:02:00,Binary: /bin/b2sum,18,2,50520.0,0,0,0,0.06655343971469818,1,Normal
2026-10-09,14:02:00,Binary: /bin/baobab,19,2,50520.0,0,0,0,0.06717233696723651,1,Normal
2026-10-09,14:02:00,Binary: /bin/base32,19,2,50520.0,0,0,0,0.06717233696723651,1,Normal
2026-10-09,14:02:00,Binary: /bin/base64,19,2,50520.0,0,0,0,0.06717233696723651,1,Normal
2026-10-09,14:02:00,Binary: /bin/basename,21,2,50520.0,0,0,0,0.06689929099564351,1,Normal
2026-10-09,14:02:00,Binary: /bin/basenc,19,2,50520.0,0,0,0,0.06717233696723651,1,Normal
2026-10-09,14:02:00,Binary: /bin/bash,17,2,50520.0,0,0,0,0.0649887445100722,1,Normal
2026-10-09,14:02:00,Binary: /bin/bashbug,20,2,50520.0,0,0,0,0.06749442020119656,1,Normal
2026-10-09,14:02:00,Binary: /bin/bc,15,2,50520.0,0,0,0,0.06268673401382846,1,Normal
2026-10-09,14:02:00,Binary: /bin/bdftopcf,21,2,50520.0,0,0,0,0.06689929099564351,1,Normal
2026-10-09,14:02:00,Binary: /bin/bdftruncate,24,2,50520.0,0,0,0,0.0644602541005595,1,Normal
2026-10-09,14:02:00,Binary: /bin/bluemoon,21,2,50520.0,0,0,0,0.06689929099564351,1,Normal
2026-10-09,14:02:00,Binary: /bin/bluetooth-sendto,29,2,50520.0,0,0,0,0.05639774166262218,1,Normal
2026-10-09,14:02:00,Binary: /bin/bluetoothctl,25,2,50520.0,0,0,0,0.061483294092122553,1,Normal
2026-10-09,14:02:00,Binary: /bin/boltctl,20,2,50520.0,0,0,0,0.06749442020119656,1,Normal
2026-10-09,14:02:00,Binary: /bin/bpftrace,21,2,50520.0,0,0,0,0.06689929099564351,1,Normal
2026-10-09,14:02:00,Binary: /bin/bpftrace-aotrt,27,2,50520.0,0,0,0,0.05902986793473364,1,Normal
2026-10-09,14:02:00,Binary: /bin/brltty,19,2,50520.0,0,0,0,0.05814448673118894,1,Normal
2026-10-09,14:02:00,Binary: /bin/brltty-atb,23,2,50520.0,0,0,0,0.05831630591280934,1,Normal
2026-10-09,14:02:00,Binary: /bin/brltty-clip,24,2,50520.0,0,0,0,0.058193895545988916,1,Normal
2026-10-09,14:02:00,Binary: /bin/brltty-ctb,23,2,50520.0,0,0,0,0.05831630591280934,1,Normal
2026-10-09,14:02:00,Binary: /bin/brltty-hid,23,2,50520.0,0,0,0,0.05831630591280934,1,Normal
2026-10-09,14:02:00,Binary: /bin/brltty-ktb,23,2,50520.0,0,0,0,0.05831630591280934,1,Normal
2026-10-09,14:02:00,Binary: /bin/brltty-lscmds,26,2,50520.0,0,0,0,0.058086787624563374,1,Normal
2026-10-09,14:02:00,Binary: /bin/brltty-morse,25,2,50520.0,0,0,0,0.058193895545988916,1,Normal
2026-10-09,14:02:00,Binary: /bin/brltty-trtxt,25,2,50520.0,0,0,0,0.058193895545988916,1,Normal
2026-10-09,14:02:00,Binary: /bin/brltty-ttb,23,2,50520.0,0,0,0,0.05831630591280934,1,Normal
2026-10-09,14:02:00,Binary: /bin/brltty-tune,24,2,50520.0,0,0,0,0.058193895545988916,1,Normal
2026-10-09,14:02:00,Binary: /bin/broadwayd,22,2,50520.0,0,0,0,0.06618125813794962,1,Normal
2026-10-09,14:02:00,Binary: /bin/browse,19,2,50520.0,0,0,0,0.06717233696723651,1,Normal
2026-10-09,14:02:00,Binary: /bin/btattach,21,2,50520.0,0,0,0,0.06689929099564351,1,Normal
2026-10-09,14:02:00,Binary: /bin/btmgmt,19,2,50520.0,0,0,0,0.06717233696723651,1,Normal
2026-10-09,14:02:00,Binary: /bin/btmon,18,2,50520.0,0,0,0,0.06655343971469818,1,Normal
2026-10-09,14:02:00,Binary: /bin/bunzip2,20,2,50520.0,0,0,0,0.06749442020119656,1,Normal
2026-10-09,14:02:00,Binary: /bin/busctl,19,2,50520.0,0,0,0,0.06717233696723651,1,Normal
2026-10-09,14:02:00,Binary: /bin/busybox,20,2,50520.0,0,0,0,0.06749442020119656,1,Normal
2026-10-09,14:02:00,Binary: /bin/bwrap,18,2,50520.0,0,0,0,0.06655343971469818,1,Normal
2026-10-09,14:02:00,Binary: /bin/bzcat,18,2,50520.0,0,0,0,0.06655343971469818,1,Normal
2026-10-09,14:02:00,Binary: /bin/bzcmp,18,2,50520.0,0,0,0,0.06655343971469818,1,Normal
2026-10-09,14:02:00,Binary: /bin/bzdiff,19,2,50520.0,0,0,0,0.06717233696723651,1,Normal
2026-10-09,14:02:00,Binary: /bin/bzegrep,20,2,50520.0,0,0,0,0.06749442020119656,1,Normal
2026-10-09,14:02:00,Binary: /bin/bzexe,18,2,50520.0,0,0,0,0.06655343971469818,1,Normal
2026-10-09,14:02:00,Binary: /bin/bzfgrep,20,2,50520.0,0,0,0,0.06749442020119656,1,Normal
2026-10-09,14:02:00,Binary: /bin/bzgrep,19,2,50520.0,0,0,0,0.06717233696723651,1,Normal
2026-10-09,14:02:00,Binary: /bin/bzip2,18,2,50520.0,0,0,0,0.06655343971469818,1,Normal
2026-10-09,14:02:00,Binary: /bin/bzip2recover,25,2,50520.0,0,0,0,0.061483294092122553,1,Normal
2026-10-09,14:02:00,Binary: /bin/bzless,19,2,50520.0,0,0,0,0.06717233696723651,1,Normal
2026-10-09,14:02:00,Binary: /bin/bzmore,19,2,50520.0,0,0,0,0.06717233696723651,1,Normal
2026-10-09,14:02:00,Binary: /bin/c++,16,2,50520.0,0,0,0,0.06349269102767557,1,Normal
2026-10-09,14:02:00,Binary: /bin/c++filt,20,2,50520.0,0,0,0,0.06749442020119656,1,Normal
2026-10-09,14:02:00,Binary: /bin/c89,16,2,50520.0,0,0,0,0.06349269102767557,1,Normal
2026-10-09,14:02:00,Binary: /bin/c89-gcc,20,2,50520.0,0,0,0,0.05503494393497743,1,Normal
2026-10-09,14:02:00,Binary: /bin/c99,16,2,50520.0,0,0,0,0.06349269102767557,1,Normal
2026-10-09,14:02:00,Binary: /bin/c99-gcc,20,2,50520.0,0,0,0,0.05503494393497743,1,Normal
2026-10-09,14:02:01,Binary: /bin/c_rehash,21,2,50521.0,0,0,0,0.06677863222623937,1,Normal
2026-10-09,14:02:01,Binary: /bin/calibrate_ppa,26,2,50521.0,0,0,0,0.06055487204890436,1,Normal
2026-10-09,14:02:01,Binary: /bin/canberra-gtk-play,30,2,50521.0,0,0,0,0.05356189026279268,1,Normal
2026-10-09,14:02:01,Binary: /bin/cancel,19,2,50521.0,0,0,0,0.06717375921206581,1,Normal
2026-10-09,14:02:01,Binary: /bin/captoinfo,22,2,50521.0,0,0,0,0.06606031794611522,1,Normal
2026-10-09,14:02:01,Binary: /bin/cat,16,2,50521.0,0,0,0,0.04835565768480682,1,Normal
2026-10-09,14:02:01,Binary: /bin/catman,19,2,50521.0,0,0,0,0.06717375921206581,1,Normal
2026-10-09,14:02:01,Binary: /bin/cc,15,2,50521.0,0,0,0,0.06303921099713078,1,Normal
2026-10-09,14:02:01,Binary: /bin/cd-create-profile,30,2,50521.0,0,0,0,0.04046311006895614,1,Normal
2026-10-09,14:02:01,Binary: /bin/cd-fix-profile,27,2,50521.0,0,0,0,0.04046311006895614,1,Normal
2026-10-09,14:02:01,Binary: /bin/cd-iccdump,23,2,50521.0,0,0,0,0.06610179764706647,1,Normal
2026-10-09,14:02:01,Binary: /bin/cd-it8,19,2,50521.0,0,0,0,0.06717375921206581,1,Normal
2026-10-09,14:02:01,Binary: /bin/chacl,18,2,50521.0,0,0,0,0.0669015492781061,1,Normal
2026-10-09,14:02:01,Binary: /bin/chage,18,2,50521.0,0,0,0,0.0669015492781061,1,Normal
2026-10-09,14:02:01,Binary: /bin/chardet,20,2,50521.0,0,0,0,0.06759976639812221,1,Normal
2026-10-09,14:02:01,Binary: /bin/chardetect,23,2,50521.0,0,0,0,0.06610179764706647,1,Normal
2026-10-09,14:02:01,Binary: /bin/chattr,19,2,50521.0,0,0,0,0.06717375921206581,1,Normal
2026-10-09,14:02:01,Binary: /bin/chcon,18,2,50521.0,0,0,0,0.0669015492781061,1,Normal
2026-10-09,14:02:01,Binary: /bin/check-language-support,35,2,50521.0,0,0,0,0.05118392461828064,1,Normal
2026-10-09,14:02:01,Binary: /bin/chfn,17,2,50521.0,0,0,0,0.06533862138692315,1,Normal
2026-10-09,14:02:01,Binary: /bin/chgrp,18,2,50521.0,0,0,0,0.0669015492781061,1,Normal
2026-10-09,14:02:01,Binary: /bin/chmod,18,2,50521.0,0,0,0,0.0669015492781061,1,Normal
2026-10-09,14:02:01,Binary: /bin/choom,18,2,50521.0,0,0,0,0.0669015492781061,1,Normal
2026-10-09,14:02:01,Binary: /bin/chown,18,2,50521.0,0,0,0,0.0669015492781061,1,Normal
2026-10-09,14:02:01,Binary: /bin/chronyc,20,2,50521.0,0,0,0,0.06759976639812221,1,Normal
2026-10-09,14:02:01,Binary: /bin/chroot,19,2,50521.0,0,0,0,0.06717375921206581,1,Normal
2026-10-09,14:02:01,Binary: /bin/chrt,17,2,50521.0,0,0,0,0.06533862138692315,1,Normal
2026-10-09,14:02:01,Binary: /bin/chsh,17,2,50521.0,0,0,0,0.06533862138692315,1,Normal
2026-10-09,14:02:01,Binary: /bin/chvt,17,2,50521.0,0,0,0,0.06533862138692315,1,Normal
2026-10-09,14:02:01,Binary: /bin/cifsiostat,23,2,50521.0,0,0,0,0.06610179764706647,1,Normal
2026-10-09,14:02:01,Binary: /bin/ciptool,20,2,50521.0,0,0,0,0.06759976639812221,1,Normal
2026-10-09,14:02:01,Binary: /bin/ckbcomp,20,2,50521.0,0,0,0,0.06759976639812221,1,Normal
2026-10-09,14:02:01,Binary: /bin/cksum,18,2,50521.0,0,0,0,0.0669015492781061,1,Normal
2026-10-09,14:02:01,Binary: /bin/clear,18,2,50521.0,0,0,0,0.0669015492781061,1,Normal
2026-10-09,14:02:01,Binary: /bin/clear_console,26,2,50521.0,0,0,0,0.06055487204890436,1,Normal
2026-10-09,14:02:01,Binary: /bin/cloud-id,21,2,50521.0,0,0,0,0.05607065373134262,1,Normal
2026-10-09,14:02:01,Binary: /bin/cloud-init,23,2,50521.0,0,0,0,0.06610179764706647,1,Normal
2026-10-09,14:02:01,Binary: /bin/cloud-init-per,27,2,50521.0,0,0,0,0.059265544887845856,1,Normal
2026-10-09,14:02:01,Binary: /bin/cmp,16,2,50521.0,0,0,0,0.06384425768757379,1,Normal
2026-10-09,14:02:01,Binary: /bin/codepage,21,2,50521.0,0,0,0,0.06677863222623937,1,Normal
2026-10-09,14:02:01,Binary: /bin/col,16,2,50521.0,0,0,0,0.06384425768757379,1,Normal
2026-10-09,14:02:01,Binary: /bin/colcrt,19,2,50521.0,0,0,0,0.06717375921206581,1,Normal
2026-10-09,14:02:01,Binary: /bin/colormgr,21,2,50521.0,0,0,0,0.06677863222623937,1,Normal
2026-10-09,14:02:01,Binary: /bin/colrm,18,2,50521.0,0,0,0,0.0669015492781061,1,Normal
2026-10-09,14:02:01,Binary: /bin/column,19,2,50521.0,0,0,0,0.06717375921206581,1,Normal
2026-10-09,14:02:01,Binary: /bin/comm,17,2,50521.0,0,0,0,0.06533862138692315,1,Normal
2026-10-09,14:02:01,Binary: /bin/corelist,21,2,50521.0,0,0,0,0.06677863222623937,1,Normal
2026-10-09,14:02:01,Binary: /bin/coreutils,22,2,50521.0,0,0,0,0.06606031794611522,1,Normal
2026-10-09,14:02:01,Binary: /bin/cp,15,2,50521.0,0,0,0,0.06303921099713078,1,Normal
2026-10-09,14:02:01,Binary: /bin/cpan,17,2,50521.0,0,0,0,0.06533862138692315,1,Normal
2026-10-09,14:02:01,Binary: /bin/cpan5.40-x86_64-linux-gnu,38,2,50521.0,0,0,0,0.0005735841262304309,1,Normal
2026-10-09,14:02:01,Binary: /bin/cpio,17,2,50521.0,0,0,0,0.06533862138692315,1,Normal
2026-10-09,14:02:01,Binary: /bin/cpp,16,2,50521.0,0,0,0,0.06384425768757379,1,Normal
2026-10-09,14:02:01,Binary: /bin/cpp-15,19,2,50521.0,0,0,0,0.04259483538195086,1,Normal
2026-10-09,14:02:01,Binary: /bin/cpupower,21,2,50521.0,0,0,0,0.06677863222623937,1,Normal
2026-10-09,14:02:01,Binary: /bin/crash,18,2,50521.0,0,0,0,0.0669015492781061,1,Normal
2026-10-09,14:02:01,Binary: /bin/crontab,20,2,50521.0,0,0,0,0.06759976639812221,1,Normal
2026-10-09,14:02:01,Binary: /bin/csplit,19,2,50521.0,0,0,0,0.06717375921206581,1,Normal
2026-10-09,14:02:01,Binary: /bin/ctstat,19,2,50521.0,0,0,0,0.06717375921206581,1,Normal
2026-10-09,14:02:01,Binary: /bin/cupstestppd,24,2,50521.0,0,0,1,0.032441465273164605,1,Normal
2026-10-09,14:02:02,Binary: /bin/curl,17,2,50522.0,0,0,0,0.06412756786532564,1,Normal
2026-10-09,14:02:02,Binary: /bin/cut,16,2,50522.0,0,0,0,0.06282281031814985,1,Normal
2026-10-09,14:02:02,Binary: /bin/cvtsudoers.ws,26,2,50522.0,0,0,0,0.06061871674196129,1,Normal
2026-10-09,14:02:02,Binary: /bin/dash,17,2,50522.0,0,0,0,0.06412756786532564,1,Normal
2026-10-09,14:02:02,Binary: /bin/date,17,2,50522.0,0,0,0,0.06412756786532564,1,Normal
2026-10-09,14:02:02,Binary: /bin/dbus-cleanup-sockets,33,2,50522.0,0,0,0,0.038620257607002606,1,Normal
2026-10-09,14:02:02,Binary: /bin/dbus-daemon,24,2,50522.0,0,0,0,0.03893914209058019,1,Normal
2026-10-09,14:02:02,Binary: /bin/dbus-monitor,25,2,50522.0,0,0,0,0.03893914209058019,1,Normal
2026-10-09,14:02:02,Binary: /bin/dbus-run-session,29,2,50522.0,0,0,0,0.009503004932187975,1,Normal
2026-10-09,14:02:02,Binary: /bin/dbus-send,22,2,50522.0,0,0,0,0.038886727978195756,1,Normal
2026-10-09,14:02:02,Binary: /bin/dbus-update-activation-environment,47,2,50522.0,0,0,0,0.02758197587494121,1,Normal
2026-10-09,14:02:02,Binary: /bin/dbus-uuidgen,25,2,50522.0,0,0,0,0.03893914209058019,1,Normal
2026-10-09,14:02:02,Binary: /bin/dbxtool,20,2,50522.0,0,0,0,0.06652782952903308,1,Normal
2026-10-09,14:02:02,Binary: /bin/dc,15,2,50522.0,0,0,0,0.06201511875959925,1,Normal
2026-10-09,14:02:02,Binary: /bin/dconf,18,2,50522.0,0,0,0,0.0660144598798898,1,Normal
2026-10-09,14:02:02,Binary: /bin/dd,15,2,50522.0,0,0,0,0.06201511875959925,1,Normal
2026-10-09,14:02:02,Binary: /bin/ddstdecode,23,2,50522.0,0,0,0,0.06576216568652815,1,Normal
2026-10-09,14:02:02,Binary: /bin/deallocvt,22,2,50522.0,0,0,0,0.06519500204234774,1,Normal
2026-10-09,14:02:02,Binary: /bin/deb-systemd-helper,31,2,50522.0,0,0,0,0.04879638520398977,1,Normal
2026-10-09,14:02:02,Binary: /bin/deb-systemd-invoke,31,2,50522.0,0,0,0,0.04879638520398977,1,Normal
2026-10-09,14:02:02,Binary: /bin/debconf,20,2,50522.0,0,0,0,0.04338223411542419,1,Normal
2026-10-09,14:02:02,Binary: /bin/debconf-apt-progress,33,2,50522.0,0,0,0,0.03768286003378413,1,Normal
2026-10-09,14:02:02,Binary: /bin/debconf-communicate,32,2,50522.0,0,0,0,0.04311933039860899,1,Normal
2026-10-09,14:02:02,Binary: /bin/debconf-copydb,27,2,50522.0,0,0,0,0.04311933039860899,1,Normal
2026-10-09,14:02:02,Binary: /bin/debconf-escape,27,2,50522.0,0,0,0,0.04311933039860899,1,Normal
2026-10-09,14:02:02,Binary: /bin/debconf-set-selections,35,2,50522.0,0,0,0,0.028262246885168152,1,Normal
2026-10-09,14:02:02,Binary: /bin/debconf-show,25,2,50522.0,0,0,0,0.04332184471924183,1,Normal
2026-10-09,14:02:02,Binary: /bin/debian-distro-info,31,2,50522.0,0,0,0,0.05233534038870152,1,Normal
2026-10-09,14:02:02,Binary: /bin/delv,17,2,50522.0,0,0,0,0.06412756786532564,1,Normal
2026-10-09,14:02:02,Binary: /bin/desktop-file-edit,30,2,50522.0,0,0,0,0.033343048000838704,1,Normal
2026-10-09,14:02:02,Binary: /bin/desktop-file-install,33,2,50522.0,0,0,0,0.02596988932850064,1,Normal
2026-10-09,14:02:02,Binary: /bin/desktop-file-validate,34,2,50522.0,0,0,0,0.033343048000838704,1,Normal
2026-10-09,14:02:02,Binary: /bin/df,15,2,50522.0,0,0,0,0.06201511875959925,1,Normal
2026-10-09,14:02:02,Binary: /bin/dh_bash-completion,31,2,50522.0,0,0,0,0.05574364788630132,1,Normal
2026-10-09,14:02:02,Binary: /bin/dh_installxmlcatalogs,34,2,50522.0,0,0,0,0.05365693861034526,1,Normal
2026-10-09,14:02:02,Binary: /bin/dh_perl_openssl,28,2,50522.0,0,0,0,0.05782554254299932,1,Normal
2026-10-09,14:02:02,Binary: /bin/diff,17,2,50522.0,0,0,0,0.06412756786532564,1,Normal
2026-10-09,14:02:02,Binary: /bin/diff3,18,2,50522.0,0,0,0,0.0660144598798898,1,Normal
2026-10-09,14:02:02,Binary: /bin/dig,16,2,50522.0,0,0,0,0.06282281031814985,1,Normal
2026-10-09,14:02:02,Binary: /bin/dir,16,2,50522.0,0,0,0,0.06282281031814985,1,Normal
2026-10-09,14:02:02,Binary: /bin/dircolors,22,2,50522.0,0,0,0,0.06519500204234774,1,Normal
2026-10-09,14:02:02,Binary: /bin/dirmngr,20,2,50522.0,0,0,0,0.06652782952903308,1,Normal
2026-10-09,14:02:02,Binary: /bin/dirmngr-client,27,2,50522.0,0,0,0,0.05618256488445739,1,Normal
2026-10-09,14:02:02,Binary: /bin/dirname,20,2,50522.0,0,0,0,0.06652782952903308,1,Normal
2026-10-09,14:02:02,Binary: /bin/distro-info,24,2,50522.0,0,0,0,0.05253222689246284,1,Normal
2026-10-09,14:02:02,Binary: /bin/dmesg,18,2,50522.0,0,0,0,0.0660144598798898,1,Normal
2026-10-09,14:02:02,Binary: /bin/dnsdomainname,26,2,50522.0,0,0,0,0.06061871674196129,1,Normal
2026-10-09,14:02:02,Binary: /bin/do-release-upgrade,31,2,50522.0,0,0,0,0.05574364788630132,1,Normal
2026-10-09,14:02:02,Binary: /bin/domainname,23,2,50522.0,0,0,0,0.06576216568652815,1,Normal
2026-10-09,14:02:02,Binary: /bin/dpkg,17,2,50522.0,0,0,0,0.03896167571708897,1,Normal
2026-10-09,14:02:02,Binary: /bin/dpkg-architecture,30,2,50522.0,0,0,0,0.03907654879768413,1,Normal
2026-10-09,14:02:02,Binary: /bin/dpkg-buildapi,26,2,50522.0,0,0,0,0.03926469621277978,1,Normal
2026-10-09,14:02:02,Binary: /bin/dpkg-buildflags,28,2,50522.0,0,0,0,0.039310286876030776,1,Normal
2026-10-09,14:02:02,Binary: /bin/dpkg-buildpackage,30,2,50522.0,0,0,0,0.03907654879768413,1,Normal
2026-10-09,14:02:02,Binary: /bin/dpkg-buildtree,27,2,50522.0,0,0,0,0.03919678967833928,1,Normal
2026-10-09,14:02:02,Binary: /bin/dpkg-checkbuilddeps,32,2,50522.0,0,0,0,0.03905299710239524,1,Normal
2026-10-09,14:02:02,Binary: /bin/dpkg-deb,21,2,50522.0,0,0,0,0.039212332913147574,1,Normal
2026-10-09,14:02:02,Binary: /bin/dpkg-distaddfile,29,2,50522.0,0,0,0,0.03930358613005469,1,Normal
2026-10-09,14:02:02,Binary: /bin/dpkg-divert,24,2,50522.0,0,0,0,0.03903763255912007,1,Normal
2026-10-09,14:02:02,Binary: /bin/dpkg-genbuildinfo,30,2,50522.0,0,0,0,0.03907654879768413,1,Normal
2026-10-09,14:02:02,Binary: /bin/dpkg-genchanges,28,2,50522.0,0,0,0,0.039310286876030776,1,Normal
2026-10-09,14:02:02,Binary: /bin/dpkg-gencontrol,28,2,50522.0,0,0,0,0.039310286876030776,1,Normal
2026-10-09,14:02:02,Binary: /bin/dpkg-gensymbols,28,2,50522.0,0,0,0,0.039310286876030776,1,Normal
2026-10-09,14:02:02,Binary: /bin/dpkg-maintscript-helper,36,2,50522.0,0,0,0,0.03743350175138954,1,Normal
2026-10-09,14:02:02,Binary: /bin/dpkg-mergechangelogs,33,2,50522.0,0,0,0,0.0387121290402096,1,Normal
2026-10-09,14:02:02,Binary: /bin/dpkg-name,22,2,50522.0,0,0,0,0.039098802572695046,1,Normal
2026-10-09,14:02:02,Binary: /bin/dpkg-parsechangelog,32,2,50522.0,0,0,0,0.03905299710239524,1,Normal
2026-10-09,14:02:02,Binary: /bin/dpkg-query,23,2,50522.0,0,0,0,0.02568805649386252,1,Normal
2026-10-09,14:02:02,Binary: /bin/dpkg-realpath,26,2,50522.0,0,0,0,0.03926469621277978,1,Normal
2026-10-09,14:02:02,Binary: /bin/dpkg-scanpackages,30,2,50522.0,0,0,0,0.03907654879768413,1,Normal
2026-10-09,14:02:02,Binary: /bin/dpkg-scansources,29,2,50522.0,0,0,0,0.03930358613005469,1,Normal
2026-10-09,14:02:02,Binary: /bin/dpkg-shlibdeps,27,2,50522.0,0,0,0,0.03919678967833928,1,Normal
2026-10-09,14:02:02,Binary: /bin/dpkg-source,24,2,50522.0,0,0,0,0.03903763255912007,1,Normal
2026-10-09,14:02:02,Binary: /bin/dpkg-split,23,2,50522.0,0,0,0,0.03916745046710901,1,Normal
2026-10-09,14:02:02,Binary: /bin/dpkg-statoverride,30,2,50522.0,0,0,0,0.03907654879768413,1,Normal
2026-10-09,14:02:02,Binary: /bin/dpkg-trigger,25,2,50522.0,0,0,0,0.03915118358946984,1,Normal
2026-10-09,14:02:02,Binary: /bin/dpkg-vendor,24,2,50522.0,0,0,0,0.03903763255912007,1,Normal
2026-10-09,14:02:02,Binary: /bin/dracut,19,2,50522.0,0,0,0,0.06620473306845986,1,Normal
2026-10-09,14:02:03,Binary: /bin/dracut-catimages,29,2,50523.0,0,0,0,0.0561615934397145,1,Normal
2026-10-09,14:02:03,Binary: /bin/driverless,23,2,50523.0,0,0,0,0.066025426453174,1,Normal
2026-10-09,14:02:03,Binary: /bin/driverless-fax,27,2,50523.0,0,0,0,0.05928072199736756,1,Normal
2026-10-09,14:02:03,Binary: /bin/du,15,2,50523.0,0,0,0,0.06244865357192625,1,Normal
2026-10-09,14:02:03,Binary: /bin/dumpkeys,21,2,50523.0,0,0,0,0.06659529652388552,1,Normal
2026-10-09,14:02:03,Binary: /bin/dvipdf,19,2,50523.0,0,0,0,0.0663896900695709,1,Normal
2026-10-09,14:02:03,Binary: /bin/eatmydata,22,2,50523.0,0,0,0,0.06577248327257673,1,Normal
2026-10-09,14:02:03,Binary: /bin/ec2metadata,24,2,50523.0,0,0,0,0.06551406357012757,1,Normal
2026-10-09,14:02:03,Binary: /bin/echo,17,2,50523.0,0,0,0,0.06457993661255151,1,Normal
2026-10-09,14:02:03,Binary: /bin/ed,15,2,50523.0,0,0,0,0.06244865357192625,1,Normal
2026-10-09,14:02:03,Binary: /bin/editor,19,2,50523.0,0,0,0,0.05815693385626891,1,Normal
2026-10-09,14:02:03,Binary: /bin/editres,20,2,50523.0,0,0,0,0.06683838708905832,1,Normal
2026-10-09,14:02:03,Binary: /bin/egrep,18,2,50523.0,0,0,0,0.06637762131009384,1,Normal
2026-10-09,14:02:03,Binary: /bin/eject,18,2,50523.0,0,0,0,0.06637762131009384,1,Normal
2026-10-09,14:02:03,Binary: /bin/elfedit,20,2,50523.0,0,0,0,0.06683838708905832,1,Normal
2026-10-09,14:02:03,Binary: /bin/enc2xs,19,2,50523.0,0,0,0,0.0663896900695709,1,Normal
2026-10-09,14:02:03,Binary: /bin/encguess,21,2,50523.0,0,0,0,0.06659529652388552,1,Normal
2026-10-09,14:02:03,Binary: /bin/enchant-2,22,2,50523.0,0,0,0,0.06577248327257673,1,Normal
2026-10-09,14:02:03,Binary: /bin/enchant-lsmod-2,28,2,50523.0,0,0,0,0.057131044437761125,1,Normal
2026-10-09,14:02:03,Binary: /bin/env,16,2,50523.0,0,0,0,0.0632552254633642,1,Normal
2026-10-09,14:02:03,Binary: /bin/envsubst,21,2,50523.0,0,0,0,0.06659529652388552,1,Normal
2026-10-09,14:02:03,Binary: /bin/eps2eps,20,2,50523.0,0,0,0,0.06683838708905832,1,Normal
2026-10-09,14:02:03,Binary: /bin/eqn,16,2,50523.0,0,0,0,0.0632552254633642,1,Normal
2026-10-09,14:02:03,Binary: /bin/esc-m,18,2,50523.0,0,0,0,0.06637762131009384,1,Normal
2026-10-09,14:02:03,Binary: /bin/eutp,17,2,50523.0,0,0,0,0.06457993661255151,1,Normal
2026-10-09,14:02:03,Binary: /bin/ex,15,2,50523.0,0,0,0,0.06244865357192625,1,Normal
2026-10-09,14:02:03,Binary: /bin/expand,19,2,50523.0,0,0,0,0.0663896900695709,1,Normal
2026-10-09,14:02:03,Binary: /bin/expiry,19,2,50523.0,0,0,0,0.0663896900695709,1,Normal
2026-10-09,14:02:03,Binary: /bin/expr,17,2,50523.0,0,0,0,0.06457993661255151,1,Normal
2026-10-09,14:02:03,Binary: /bin/factor,19,2,50523.0,0,0,0,0.0663896900695709,1,Normal
2026-10-09,14:02:03,Binary: /bin/faked-sysv,23,2,50523.0,0,0,0,0.066025426453174,1,Normal
2026-10-09,14:02:03,Binary: /bin/faked-tcp,22,2,50523.0,0,0,0,0.06577248327257673,1,Normal
2026-10-09,14:02:03,Binary: /bin/fakeroot,21,2,50523.0,0,0,0,0.06659529652388552,1,Normal
2026-10-09,14:02:03,Binary: /bin/fakeroot-sysv,26,2,50523.0,0,0,0,0.060569987132965686,1,Normal
2026-10-09,14:02:03,Binary: /bin/fakeroot-tcp,25,2,50523.0,0,0,0,0.0620277762769022,1,Normal
2026-10-09,14:02:03,Binary: /bin/fallocate,22,2,50523.0,0,0,0,0.06577248327257673,1,Normal
2026-10-09,14:02:03,Binary: /bin/false,18,2,50523.0,0,0,0,0.06637762131009384,1,Normal
2026-10-09,14:02:03,Binary: /bin/fc-cache,21,2,50523.0,0,0,0,0.05254086481781367,1,Normal
2026-10-09,14:02:03,Binary: /bin/fc-cat,19,2,50523.0,0,0,0,0.03920442422792819,1,Normal
2026-10-09,14:02:03,Binary: /bin/fc-conflist,24,2,50523.0,0,0,0,0.0522640266177381,1,Normal
2026-10-09,14:02:03,Binary: /bin/fc-list,20,2,50523.0,0,0,0,0.052431844191264176,1,Normal
2026-10-09,14:02:03,Binary: /bin/fc-match,21,2,50523.0,0,0,0,0.05254086481781367,1,Normal
2026-10-09,14:02:03,Binary: /bin/fc-pattern,23,2,50523.0,0,0,0,0.052606763546385826,1,Normal
2026-10-09,14:02:03,Binary: /bin/fc-query,21,2,50523.0,0,0,0,0.038164695506377466,1,Normal
2026-10-09,14:02:03,Binary: /bin/fc-scan,20,2,50523.0,0,0,0,0.052431844191264176,1,Normal
2026-10-09,14:02:03,Binary: /bin/fc-validate,24,2,50523.0,0,0,0,0.0522640266177381,1,Normal
2026-10-09,14:02:03,Binary: /bin/fgconsole,22,2,50523.0,0,0,0,0.06577248327257673,1,Normal
2026-10-09,14:02:03,Binary: /bin/fgrep,18,2,50523.0,0,0,0,0.06637762131009384,1,Normal
2026-10-09,14:02:03,Binary: /bin/file,17,2,50523.0,0,0,0,0.04397863671810032,1,Normal
2026-10-09,14:02:03,Binary: /bin/file2brl,21,2,50523.0,0,0,0,0.06659529652388552,1,Normal
2026-10-09,14:02:03,Binary: /bin/find,17,2,50523.0,0,0,0,0.06457993661255151,1,Normal
2026-10-09,14:02:03,Binary: /bin/findmnt,20,2,50523.0,0,0,0,0.06683838708905832,1,Normal
2026-10-09,14:02:03,Binary: /bin/firefox,20,2,50523.0,0,0,0,0.06683838708905832,1,Normal
2026-10-09,14:02:03,Binary: /bin/flock,18,2,50523.0,0,0,0,0.06637762131009384,1,Normal
2026-10-09,14:02:04,Binary: /bin/fmt,16,2,50524.0,0,0,0,0.0628212856077236,1,Normal
2026-10-09,14:02:04,Binary: /bin/fold,17,2,50524.0,0,0,0,0.06439225905081741,1,Normal
2026-10-09,14:02:04,Binary: /bin/fonttosfnt,23,2,50524.0,0,0,0,0.06572159618110274,1,Normal
2026-10-09,14:02:04,Binary: /bin/foo2ddst,21,2,50524.0,0,0,0,0.06637472481041184,1,Normal
2026-10-09,14:02:04,Binary: /bin/foo2ddst-wrapper,29,2,50524.0,0,0,0,0.04547840573529344,1,Normal
2026-10-09,14:02:04,Binary: /bin/foo2hbpl2,22,2,50524.0,0,0,0,0.06544670407659692,1,Normal
2026-10-09,14:02:04,Binary: /bin/foo2hbpl2-wrapper,30,2,50524.0,0,0,0,0.04547840573529344,1,Normal
2026-10-09,14:02:04,Binary: /bin/foo2hiperc,23,2,50524.0,0,0,0,0.06572159618110274,1,Normal
2026-10-09,14:02:04,Binary: /bin/foo2hiperc-wrapper,31,2,50524.0,0,0,0,0.04547840573529344,1,Normal
2026-10-09,14:02:04,Binary: /bin/foo2hp,19,2,50524.0,0,0,0,0.06630747023207828,1,Normal
2026-10-09,14:02:04,Binary: /bin/foo2hp2600-wrapper,31,2,50524.0,0,0,0,0.04547840573529344,1,Normal
2026-10-09,14:02:04,Binary: /bin/foo2lava,21,2,50524.0,0,0,0,0.06637472481041184,1,Normal
2026-10-09,14:02:04,Binary: /bin/foo2lava-wrapper,29,2,50524.0,0,0,0,0.04547840573529344,1,Normal
2026-10-09,14:02:04,Binary: /bin/foo2oak,20,2,50524.0,0,0,0,0.06661798937379482,1,Normal
2026-10-09,14:02:04,Binary: /bin/foo2oak-wrapper,28,2,50524.0,0,0,0,0.04547840573529344,1,Normal
2026-10-09,14:02:04,Binary: /bin/foo2qpdl,21,2,50524.0,0,0,0,0.06637472481041184,1,Normal
2026-10-09,14:02:05,Binary: /bin/foo2qpdl-wrapper,29,2,50525.0,0,0,0,0.04547840573529344,1,Normal
2026-10-09,14:02:05,Binary: /bin/foo2slx,20,2,50525.0,0,0,0,0.06683886015037749,1,Normal
2026-10-09,14:02:05,Binary: /bin/foo2slx-wrapper,28,2,50525.0,0,0,0,0.04547840573529344,1,Normal
2026-10-09,14:02:05,Binary: /bin/foo2xqx,20,2,50525.0,0,0,0,0.06683886015037749,1,Normal
2026-10-09,14:02:05,Binary: /bin/foo2xqx-wrapper,28,2,50525.0,0,0,0,0.04547840573529344,1,Normal
2026-10-09,14:02:05,Binary: /bin/foo2zjs,20,2,50525.0,0,0,0,0.06683886015037749,1,Normal
2026-10-09,14:02:05,Binary: /bin/foo2zjs-icc2ps,27,2,50525.0,0,0,0,0.0598052062983524,1,Normal
2026-10-09,14:02:05,Binary: /bin/foo2zjs-pstops,27,2,50525.0,0,0,0,0.0598052062983524,1,Normal
2026-10-09,14:02:05,Binary: /bin/foo2zjs-wrapper,28,2,50525.0,0,0,0,0.04547840573529344,1,Normal
2026-10-09,14:02:05,Binary: /bin/foomatic-rip,25,2,50525.0,0,0,0,0.06233638813393255,1,Normal
2026-10-09,14:02:05,Binary: /bin/fprintd-delete,27,2,50525.0,0,0,0,0.0598052062983524,1,Normal
2026-10-09,14:02:05,Binary: /bin/fprintd-enroll,27,2,50525.0,0,0,0,0.0598052062983524,1,Normal
2026-10-09,14:02:05,Binary: /bin/fprintd-list,25,2,50525.0,0,0,0,0.06233638813393255,1,Normal
2026-10-09,14:02:05,Binary: /bin/fprintd-verify,27,2,50525.0,0,0,0,0.0598052062983524,1,Normal
2026-10-09,14:02:05,Binary: /bin/free,17,2,50525.0,0,0,0,0.0647413761687376,1,Normal
2026-10-09,14:02:05,Binary: /bin/ftp,16,2,50525.0,0,0,0,0.06317216987435142,1,Normal
2026-10-09,14:02:05,Binary: /bin/funzip,19,2,50525.0,0,0,0,0.06665443297687479,1,Normal
2026-10-09,14:02:05,Binary: /bin/fuser,18,2,50525.0,0,0,0,0.06653812520364305,1,Normal
2026-10-09,14:02:05,Binary: /bin/fusermount,23,2,50525.0,0,0,0,0.06594310949100168,1,Normal
2026-10-09,14:02:05,Binary: /bin/fusermount3,24,2,50525.0,0,0,0,0.06540990768704985,1,Normal
2026-10-09,14:02:05,Binary: /bin/fwupdmgr,21,2,50525.0,0,0,0,0.06659576995867411,1,Normal
2026-10-09,14:02:06,Binary: /bin/fwupdtool,22,2,50526.0,0,0,0,0.0657729579714853,1,Normal
2026-10-09,14:02:06,Binary: /bin/g++,16,2,50526.0,0,0,0,0.06317216987435142,1,Normal
2026-10-09,14:02:06,Binary: /bin/g++-15,19,2,50526.0,0,0,0,0.04278473757833395,1,Normal
2026-10-09,14:02:06,Binary: /bin/gamemoded,22,2,50526.0,0,0,0,0.0657729579714853,1,Normal
2026-10-09,14:02:06,Binary: /bin/gamma4scanimage,28,2,50526.0,0,0,0,0.05803117462777002,1,Normal
2026-10-09,14:02:06,Binary: /bin/gapplication,25,2,50526.0,0,0,0,0.06233638813393255,1,Normal
2026-10-09,14:02:06,Binary: /bin/gatttool,21,2,50526.0,0,0,0,0.06669999983643715,1,Normal
2026-10-09,14:02:06,Binary: /bin/gcalccmd,21,2,50526.0,0,0,0,0.06669999983643715,1,Normal
2026-10-09,14:02:06,Binary: /bin/gcc,16,2,50526.0,0,0,0,0.053948238421170525,1,Normal
2026-10-09,14:02:06,Binary: /bin/gcc-15,19,2,50526.0,0,0,0,0.03299074924138745,1,Normal
2026-10-09,14:02:06,Binary: /bin/gcc-ar,19,2,50526.0,0,0,0,0.04537832486527199,1,Normal
2026-10-09,14:02:06,Binary: /bin/gcc-ar-15,22,2,50526.0,0,0,0,0.023495499306346146,1,Normal
2026-10-09,14:02:06,Binary: /bin/gcc-nm,19,2,50526.0,0,0,0,0.041772316245012764,1,Normal
2026-10-09,14:02:06,Binary: /bin/gcc-nm-15,22,2,50526.0,0,0,0,0.019300534966995464,1,Normal
2026-10-09,14:02:06,Binary: /bin/gcc-ranlib,23,2,50526.0,0,0,0,0.03789382426765581,1,Normal
2026-10-09,14:02:06,Binary: /bin/gcc-ranlib-15,26,2,50526.0,0,0,0,0.019752422538078518,1,Normal
2026-10-09,14:02:06,Binary: /bin/gcore,18,2,50526.0,0,0,0,0.06653812520364305,1,Normal
2026-10-09,14:02:06,Binary: /bin/gcov,17,2,50526.0,0,0,0,0.052628263096069106,1,Normal
2026-10-09,14:02:07,Binary: /bin/gcov-15,20,2,50527.0,0,0,0,0.0316951722862594,1,Normal
2026-10-09,14:02:07,Binary: /bin/gcov-dump,22,2,50527.0,0,0,0,0.036195649494421445,1,Normal
2026-10-09,14:02:07,Binary: /bin/gcov-dump-15,25,2,50527.0,0,0,0,0.018235604058995325,1,Normal
2026-10-09,14:02:07,Binary: /bin/gcov-tool,22,2,50527.0,0,0,0,0.03776494675298908,1,Normal
2026-10-09,14:02:07,Binary: /bin/gcov-tool-15,25,2,50527.0,0,0,0,0.014832132979191504,1,Normal
2026-10-09,14:02:07,Binary: /bin/gcr-viewer,23,2,50527.0,0,0,0,0.0668290897152774,1,Normal
2026-10-09,14:02:07,Binary: /bin/gcr-viewer-gtk4,28,2,50527.0,0,0,0,0.051080792349201154,1,Normal
2026-10-09,14:02:07,Binary: /bin/gdb,16,2,50527.0,0,0,0,0.06406609996407947,1,Normal
2026-10-09,14:02:07,Binary: /bin/gdb-add-index,26,2,50527.0,0,0,0,0.061886402414400354,1,Normal
2026-10-09,14:02:07,Binary: /bin/gdbtui,19,2,50527.0,0,0,0,0.06753837240388022,1,Normal
2026-10-09,14:02:07,Binary: /bin/gdbus,18,2,50527.0,0,0,0,0.06742239831931596,1,Normal
2026-10-09,14:02:07,Binary: /bin/gdctl,18,2,50527.0,0,0,0,0.06742239831931596,1,Normal
2026-10-09,14:02:07,Binary: /bin/gdk-pixbuf-csource,31,2,50527.0,0,0,0,0.05631158624749122,1,Normal
2026-10-09,14:02:07,Binary: /bin/gdk-pixbuf-pixdata,31,2,50527.0,0,0,0,0.05631158624749122,1,Normal
2026-10-09,14:02:07,Binary: /bin/gdm-config,23,2,50527.0,0,0,0,0.0668290897152774,1,Normal
2026-10-09,14:02:07,Binary: /bin/gencat,19,2,50527.0,0,0,0,0.06753837240388022,1,Normal
2026-10-09,14:02:08,Binary: /bin/geqn,17,2,50528.0,0,0,0,0.06499919608336074,1,Normal
2026-10-09,14:02:08,Binary: /bin/getconf,20,2,50528.0,0,0,0,0.06737651024473801,1,Normal
2026-10-09,14:02:08,Binary: /bin/getent,19,2,50528.0,0,0,0,0.0671924051001686,1,Normal
2026-10-09,14:02:08,Binary: /bin/getfacl,20,2,50528.0,0,0,0,0.06737651024473801,1,Normal
2026-10-09,14:02:08,Binary: /bin/getkeycodes,24,2,50528.0,0,0,0,0.06624781017961767,1,Normal
2026-10-09,14:02:08,Binary: /bin/getopt,19,2,50528.0,0,0,0,0.0671924051001686,1,Normal
2026-10-09,14:02:08,Binary: /bin/gettext,20,2,50528.0,0,0,0,0.06737651024473801,1,Normal
2026-10-09,14:02:08,Binary: /bin/gettext.sh,23,2,50528.0,0,0,0,0.06658659190810351,1,Normal
2026-10-09,14:02:08,Binary: /bin/ghostscript,24,2,50528.0,0,0,0,0.06624781017961767,1,Normal
2026-10-09,14:02:08,Binary: /bin/ginstall-info,26,2,50528.0,0,0,0,0.05253222689246284,1,Normal
2026-10-09,14:02:08,Binary: /bin/gio,16,2,50528.0,0,0,0,0.06332595896735366,1,Normal
2026-10-09,14:02:08,Binary: /bin/gio-querymodules,29,2,50528.0,0,0,0,0.0571588384585181,1,Normal
2026-10-09,14:02:08,Binary: /bin/gipddecode,23,2,50528.0,0,0,0,0.06658659190810351,1,Normal
2026-10-09,14:02:08,Binary: /bin/gjs,16,2,50528.0,0,0,0,0.06332595896735366,1,Normal
2026-10-09,14:02:08,Binary: /bin/gjs-console,24,2,50528.0,0,0,0,0.06624781017961767,1,Normal
2026-10-09,14:02:08,Binary: /bin/glib-compile-schemas,33,2,50528.0,0,0,0,0.05508273645164907,1,Normal
2026-10-09,14:02:08,Binary: /bin/glycin-thumbnailer,31,2,50528.0,0,0,0,0.05641929460582834,1,Normal
2026-10-09,14:02:09,Binary: /bin/gmake,18,2,50529.0,0,0,0,0.06722579967833348,1,Normal
2026-10-09,14:02:09,Binary: /bin/gnome-calculator,29,2,50529.0,0,0,0,0.04151102533350126,1,Normal
2026-10-09,14:02:09,Binary: /bin/gnome-characters,29,2,50529.0,0,0,0,0.04151102533350126,1,Normal
2026-10-09,14:02:09,Binary: /bin/gnome-clocks,25,2,50529.0,0,0,0,0.042075685587489864,1,Normal
2026-10-09,14:02:09,Binary: /bin/gnome-control-center,33,2,50529.0,0,0,0,0.04128548202964971,1,Normal
2026-10-09,14:02:09,Binary: /bin/gnome-disk-image-mounter,37,2,50529.0,0,0,0,0.03912831030659902,1,Normal
2026-10-09,14:02:09,Binary: /bin/gnome-disks,24,2,50529.0,0,0,0,0.042075685587489864,1,Normal
2026-10-09,14:02:09,Binary: /bin/gnome-extensions,29,2,50529.0,0,0,0,0.04151102533350126,1,Normal
2026-10-09,14:02:09,Binary: /bin/gnome-font-viewer,30,2,50529.0,0,0,0,0.04151102533350126,1,Normal
2026-10-09,14:02:09,Binary: /bin/gnome-help,23,2,50529.0,0,0,0,0.04220432870982804,1,Normal
2026-10-09,14:02:09,Binary: /bin/gnome-keyring,26,2,50529.0,0,0,0,0.0419397748957665,1,Normal
2026-10-09,14:02:09,Binary: /bin/gnome-keyring-3,28,2,50529.0,0,0,0,0.04162373977351391,1,Normal
2026-10-09,14:02:09,Binary: /bin/gnome-keyring-daemon,33,2,50529.0,0,0,0,0.04128548202964971,1,Normal
2026-10-09,14:02:09,Binary: /bin/gnome-language-selector,36,2,50529.0,0,0,0,0.03967675670570836,1,Normal
2026-10-09,14:02:09,Binary: /bin/gnome-logs,23,2,50529.0,0,0,0,0.04220432870982804,1,Normal
2026-10-09,14:02:09,Binary: /bin/gnome-service-client,33,2,50529.0,0,0,0,0.032321072334744794,1,Normal
2026-10-09,14:02:09,Binary: /bin/gnome-session,26,2,50529.0,0,0,0,0.03576796346637712,1,Normal
2026-10-09,14:02:10,Binary: /bin/gnome-session-inhibit,34,2,50530.0,0,0,0,0.03501161422749016,1,Normal
2026-10-09,14:02:10,Binary: /bin/gnome-session-quit,31,2,50530.0,0,0,0,0.03535623596111309,1,Normal
2026-10-09,14:02:10,Binary: /bin/gnome-shell,24,2,50530.0,0,0,0,0.04162521092864124,1,Normal
2026-10-09,14:02:10,Binary: /bin/gnome-shell-extension-tool,39,2,50530.0,0,0,0,0.03452754103582234,1,Normal
2026-10-09,14:02:10,Binary: /bin/gnome-shell-test-tool,34,2,50530.0,0,0,1,-0.004663006955834048,-1,Anomalía
2026-10-09,14:02:10,Binary: /bin/gnome-text-editor,30,2,50530.0,0,0,0,0.03252117509121061,1,Normal
2026-10-09,14:02:10,Binary: /bin/gnome-thumbnail-font,33,2,50530.0,0,0,0,0.04083393736518648,1,Normal
2026-10-09,14:02:10,Binary: /bin/gnome-www-browser,30,2,50530.0,0,0,0,0.041059786074650384,1,Normal
2026-10-09,14:02:10,Binary: /bin/gnu[,17,2,50530.0,0,0,0,0.04671827006574081,1,Normal
2026-10-09,14:02:10,Binary: /bin/gnuarch,20,2,50530.0,0,0,0,0.06787704574052611,1,Normal
2026-10-09,14:02:10,Binary: /bin/gnub2sum,21,2,50530.0,0,0,0,0.06784249693137806,1,Normal
2026-10-09,14:02:10,Binary: /bin/gnubase32,22,2,50530.0,0,0,0,0.06655518275709449,1,Normal
2026-10-09,14:02:10,Binary: /bin/gnubase64,22,2,50530.0,0,0,0,0.06655518275709449,1,Normal
2026-10-09,14:02:10,Binary: /bin/gnubasename,24,2,50530.0,0,0,0,0.06633668063401493,1,Normal
2026-10-09,14:02:10,Binary: /bin/gnubasenc,22,2,50530.0,0,0,0,0.06655518275709449,1,Normal
2026-10-09,14:02:10,Binary: /bin/gnucat,19,2,50530.0,0,0,0,0.06769324039486585,1,Normal
2026-10-09,14:02:11,Binary: /bin/gnuchcon,21,2,50531.0,0,0,0,0.0684690095973195,1,Normal
2026-10-09,14:02:11,Binary: /bin/gnuchgrp,21,2,50531.0,0,0,0,0.0684690095973195,1,Normal
2026-10-09,14:02:11,Binary: /bin/gnuchmod,21,2,50531.0,0,0,0,0.0684690095973195,1,Normal
2026-10-09,14:02:11,Binary: /bin/gnuchown,21,2,50531.0,0,0,0,0.0684690095973195,1,Normal
2026-10-09,14:02:11,Binary: /bin/gnucksum,21,2,50531.0,0,0,0,0.0684690095973195,1,Normal
2026-10-09,14:02:11,Binary: /bin/gnucomm,20,2,50531.0,0,0,0,0.06850348788017158,1,Normal
2026-10-09,14:02:11,Binary: /bin/gnucp,18,2,50531.0,0,0,0,0.0677576715052538,1,Normal
2026-10-09,14:02:11,Binary: /bin/gnucsplit,22,2,50531.0,0,0,0,0.06725894335513993,1,Normal
2026-10-09,14:02:11,Binary: /bin/gnucut,19,2,50531.0,0,0,0,0.06832005774600308,1,Normal
2026-10-09,14:02:11,Binary: /bin/gnudate,20,2,50531.0,0,0,0,0.06850348788017158,1,Normal
2026-10-09,14:02:11,Binary: /bin/gnudd,18,2,50531.0,0,0,0,0.0677576715052538,1,Normal
2026-10-09,14:02:11,Binary: /bin/gnudf,18,2,50531.0,0,0,0,0.0677576715052538,1,Normal
2026-10-09,14:02:11,Binary: /bin/gnudir,19,2,50531.0,0,0,0,0.06832005774600308,1,Normal
2026-10-09,14:02:11,Binary: /bin/gnudircolors,25,2,50531.0,0,0,0,0.06349000166942115,1,Normal
2026-10-09,14:02:11,Binary: /bin/gnudirname,23,2,50531.0,0,0,0,0.06696017496116363,1,Normal
2026-10-09,14:02:11,Binary: /bin/gnudu,18,2,50531.0,0,0,0,0.0677576715052538,1,Normal
2026-10-09,14:02:12,Binary: /bin/gnuecho,20,2,50532.0,0,0,0,0.06882623402104965,1,Normal
2026-10-09,14:02:12,Binary: /bin/gnuenv,19,2,50532.0,0,0,0,0.0685055468580894,1,Normal
2026-10-09,14:02:12,Binary: /bin/gnuexpand,22,2,50532.0,0,0,0,0.06758300107962523,1,Normal
2026-10-09,14:02:12,Binary: /bin/gnuexpr,20,2,50532.0,0,0,0,0.06882623402104965,1,Normal
2026-10-09,14:02:12,Binary: /bin/gnufactor,22,2,50532.0,0,0,0,0.06758300107962523,1,Normal
2026-10-09,14:02:12,Binary: /bin/gnufalse,21,2,50532.0,0,0,0,0.06879179207370001,1,Normal
2026-10-09,14:02:12,Binary: /bin/gnufmt,19,2,50532.0,0,0,0,0.0685055468580894,1,Normal
2026-10-09,14:02:12,Binary: /bin/gnufold,20,2,50532.0,0,0,0,0.06882623402104965,1,Normal
2026-10-09,14:02:12,Binary: /bin/gnugroups,22,2,50532.0,0,0,0,0.06758300107962523,1,Normal
2026-10-09,14:02:12,Binary: /bin/gnuhead,20,2,50532.0,0,0,0,0.06882623402104965,1,Normal
2026-10-09,14:02:12,Binary: /bin/gnuhostid,22,2,50532.0,0,0,0,0.06758300107962523,1,Normal
2026-10-09,14:02:12,Binary: /bin/gnuid,18,2,50532.0,0,0,0,0.06794350103928365,1,Normal
2026-10-09,14:02:12,Binary: /bin/gnuinstall,23,2,50532.0,0,0,0,0.06706428158405708,1,Normal
2026-10-09,14:02:12,Binary: /bin/gnujoin,20,2,50532.0,0,0,0,0.06882623402104965,1,Normal
2026-10-09,14:02:12,Binary: /bin/gnulink,20,2,50532.0,0,0,0,0.06882623402104965,1,Normal
2026-10-09,14:02:12,Binary: /bin/gnuln,18,2,50532.0,0,0,0,0.06794350103928365,1,Normal
2026-10-09,14:02:13,Binary: /bin/gnulogname,23,2,50533.0,0,0,0,0.06706428158405708,1,Normal
2026-10-09,14:02:13,Binary: /bin/gnuls,18,2,50533.0,0,0,0,0.06818798198937065,1,Normal
2026-10-09,14:02:13,Binary: /bin/gnumd5sum,22,2,50533.0,0,0,0,0.06758300107962523,1,Normal
2026-10-09,14:02:13,Binary: /bin/gnumkdir,21,2,50533.0,0,0,0,0.06879179207370001,1,Normal
2026-10-09,14:02:13,Binary: /bin/gnumkfifo,22,2,50533.0,0,0,0,0.06758300107962523,1,Normal
2026-10-09,14:02:13,Binary: /bin/gnumknod,21,2,50533.0,0,0,0,0.06879179207370001,1,Normal
2026-10-09,14:02:13,Binary: /bin/gnumktemp,22,2,50533.0,0,0,0,0.06758300107962523,1,Normal
2026-10-09,14:02:13,Binary: /bin/gnumv,18,2,50533.0,0,0,0,0.06818798198937065,1,Normal
2026-10-09,14:02:13,Binary: /bin/gnunice,20,2,50533.0,0,0,0,0.06901780736108659,1,Normal
2026-10-09,14:02:13,Binary: /bin/gnunl,18,2,50533.0,0,0,0,0.06818798198937065,1,Normal
2026-10-09,14:02:13,Binary: /bin/gnunohup,21,2,50533.0,0,0,0,0.06879179207370001,1,Normal
2026-10-09,14:02:13,Binary: /bin/gnunproc,21,2,50533.0,0,0,0,0.06879179207370001,1,Normal
2026-10-09,14:02:13,Binary: /bin/gnunumfmt,22,2,50533.0,0,0,0,0.06758300107962523,1,Normal
2026-10-09,14:02:13,Binary: /bin/gnuod,18,2,50533.0,0,0,0,0.06818798198937065,1,Normal
2026-10-09,14:02:13,Binary: /bin/gnupaste,21,2,50533.0,0,0,0,0.06879179207370001,1,Normal
2026-10-09,14:02:13,Binary: /bin/gnupathchk,23,2,50533.0,0,0,0,0.06706428158405708,1,Normal
2026-10-09,14:02:14,Binary: /bin/gnupinky,21,2,50534.0,0,0,0,0.06818176970487116,1,Normal
2026-10-09,14:02:14,Binary: /bin/gnupr,18,2,50534.0,0,0,0,0.06747282252333542,1,Normal
2026-10-09,14:02:14,Binary: /bin/gnuprintenv,24,2,50534.0,0,0,0,0.06602664419722709,1,Normal
2026-10-09,14:02:14,Binary: /bin/gnuprintf,22,2,50534.0,0,0,0,0.06686643030542261,1,Normal
2026-10-09,14:02:14,Binary: /bin/gnuptx,19,2,50534.0,0,0,0,0.0680357305801918,1,Normal
2026-10-09,14:02:14,Binary: /bin/gnupwd,19,2,50534.0,0,0,0,0.0680357305801918,1,Normal
2026-10-09,14:02:14,Binary: /bin/gnureadlink,24,2,50534.0,0,0,0,0.06602664419722709,1,Normal
2026-10-09,14:02:14,Binary: /bin/gnurealpath,24,2,50534.0,0,0,0,0.06602664419722709,1,Normal
2026-10-09,14:02:14,Binary: /bin/gnurm,18,2,50534.0,0,0,0,0.06747282252333542,1,Normal
2026-10-09,14:02:14,Binary: /bin/gnurmdir,21,2,50534.0,0,0,0,0.06818176970487116,1,Normal
2026-10-09,14:02:14,Binary: /bin/gnuruncon,22,2,50534.0,0,0,0,0.06686643030542261,1,Normal
2026-10-09,14:02:14,Binary: /bin/gnuseq,19,2,50534.0,0,0,0,0.0680357305801918,1,Normal
2026-10-09,14:02:14,Binary: /bin/gnusha1sum,23,2,50534.0,0,0,0,0.06634650073355475,1,Normal
2026-10-09,14:02:14,Binary: /bin/gnusha224sum,25,2,50534.0,0,0,0,0.06317394681061822,1,Normal
2026-10-09,14:02:14,Binary: /bin/gnusha256sum,25,2,50534.0,0,0,0,0.06317394681061822,1,Normal
2026-10-09,14:02:14,Binary: /bin/gnusha384sum,25,2,50534.0,0,0,0,0.06317394681061822,1,Normal
2026-10-09,14:02:15,Binary: /bin/gnusha512sum,25,2,50535.0,0,0,0,0.06338468568754213,1,Normal
2026-10-09,14:02:15,Binary: /bin/gnushred,21,2,50535.0,0,0,0,0.06838912150331117,1,Normal
2026-10-09,14:02:15,Binary: /bin/gnushuf,20,2,50535.0,0,0,0,0.06851185245587299,1,Normal
2026-10-09,14:02:15,Binary: /bin/gnusleep,21,2,50535.0,0,0,0,0.06838912150331117,1,Normal
2026-10-09,14:02:15,Binary: /bin/gnusort,20,2,50535.0,0,0,0,0.06851185245587299,1,Normal
2026-10-09,14:02:15,Binary: /bin/gnusplit,21,2,50535.0,0,0,0,0.06838912150331117,1,Normal
2026-10-09,14:02:15,Binary: /bin/gnustat,20,2,50535.0,0,0,0,0.06851185245587299,1,Normal
2026-10-09,14:02:15,Binary: /bin/gnustdbuf,22,2,50535.0,0,0,0,0.06707467174350706,1,Normal
2026-10-09,14:02:15,Binary: /bin/gnustty,20,2,50535.0,0,0,0,0.06851185245587299,1,Normal
2026-10-09,14:02:15,Binary: /bin/gnusum,19,2,50535.0,0,0,0,0.06824318115328643,1,Normal
2026-10-09,14:02:15,Binary: /bin/gnusync,20,2,50535.0,0,0,0,0.06851185245587299,1,Normal
2026-10-09,14:02:15,Binary: /bin/gnutac,19,2,50535.0,0,0,0,0.06824318115328643,1,Normal
2026-10-09,14:02:15,Binary: /bin/gnutail,20,2,50535.0,0,0,0,0.06851185245587299,1,Normal
2026-10-09,14:02:15,Binary: /bin/gnutee,19,2,50535.0,0,0,0,0.06824318115328643,1,Normal
2026-10-09,14:02:15,Binary: /bin/gnutest,20,2,50535.0,0,0,1,0.0330284447074754,1,Normal
2026-10-09,14:02:15,Binary: /bin/gnutimeout,23,2,50535.0,0,0,0,0.06689857366602042,1,Normal
2026-10-09,14:02:16,Binary: /bin/gnutouch,21,2,50536.0,0,0,0,0.06828546314051465,1,Normal
2026-10-09,14:02:16,Binary: /bin/gnutr,18,2,50536.0,0,0,0,0.0676655891797292,1,Normal
2026-10-09,14:02:16,Binary: /bin/gnutrue,20,2,50536.0,0,0,0,0.0684082356191415,1,Normal
2026-10-09,14:02:16,Binary: /bin/gnutruncate,24,2,50536.0,0,0,0,0.06647501897890079,1,Normal
2026-10-09,14:02:16,Binary: /bin/gnutsort,21,2,50536.0,0,0,0,0.06828546314051465,1,Normal
2026-10-09,14:02:16,Binary: /bin/gnutty,19,2,50536.0,0,0,0,0.06813947341151633,1,Normal
2026-10-09,14:02:16,Binary: /bin/gnuuname,21,2,50536.0,0,0,0,0.06828546314051465,1,Normal
2026-10-09,14:02:16,Binary: /bin/gnuunexpand,24,2,50536.0,0,0,0,0.06647501897890079,1,Normal
2026-10-09,14:02:16,Binary: /bin/gnuuniq,20,2,50536.0,0,0,0,0.0684082356191415,1,Normal
2026-10-09,14:02:16,Binary: /bin/gnuunlink,22,2,50536.0,0,0,0,0.0669705686361281,1,Normal
2026-10-09,14:02:16,Binary: /bin/gnuusers,21,2,50536.0,0,0,0,0.06828546314051465,1,Normal
2026-10-09,14:02:16,Binary: /bin/gnuvdir,20,2,50536.0,0,0,0,0.0684082356191415,1,Normal
2026-10-09,14:02:16,Binary: /bin/gnuwc,18,2,50536.0,0,0,0,0.0676655891797292,1,Normal
2026-10-09,14:02:16,Binary: /bin/gnuwho,19,2,50536.0,0,0,0,0.06813947341151633,1,Normal
2026-10-09,14:02:16,Binary: /bin/gnuwhoami,22,2,50536.0,0,0,0,0.0669705686361281,1,Normal
2026-10-09,14:02:16,Binary: /bin/gnuyes,19,2,50536.0,0,0,0,0.06813947341151633,1,Normal
2026-10-09,14:02:16,Binary: /bin/gp-archive,23,2,50536.0,0,0,0,0.06679441097578909,1,Normal
2026-10-09,14:02:17,Binary: /bin/gp-collect-app,27,2,50537.0,0,0,0,0.061141022291989755,1,Normal
2026-10-09,14:02:17,Binary: /bin/gp-display-html,28,2,50537.0,0,0,0,0.06479419991732421,1,Normal
2026-10-09,14:02:17,Binary: /bin/gp-display-src,27,2,50537.0,0,0,0,0.06479419991732421,1,Normal
2026-10-09,14:02:17,Binary: /bin/gp-display-text,28,2,50537.0,0,0,0,0.04236762316373888,1,Normal
2026-10-09,14:02:17,Binary: /bin/gpasswd,20,2,50537.0,0,0,0,0.06860869159062988,1,Normal
2026-10-09,14:02:17,Binary: /bin/gpg,16,2,50537.0,0,0,0,0.05582264598187575,1,Normal
2026-10-09,14:02:17,Binary: /bin/gpg-agent,22,2,50537.0,0,0,0,0.042322951073807125,1,Normal
2026-10-09,14:02:17,Binary: /bin/gpg-connect-agent,30,2,50537.0,0,0,0,0.04219620562395476,1,Normal
2026-10-09,14:02:17,Binary: /bin/gpg-mail-tube,26,2,50537.0,0,0,0,0.057026831724882765,1,Normal
2026-10-09,14:02:17,Binary: /bin/gpg-wks-client,27,2,50537.0,0,0,0,0.04390068216116105,1,Normal
2026-10-09,14:02:17,Binary: /bin/gpgconf,20,2,50537.0,0,0,0,0.06860869159062988,1,Normal
2026-10-09,14:02:17,Binary: /bin/gpgparsemail,25,2,50537.0,0,0,0,0.06354059300769388,1,Normal
2026-10-09,14:02:17,Binary: /bin/gpgsm,18,2,50537.0,0,0,0,0.06786653110003305,1,Normal
2026-10-09,14:02:17,Binary: /bin/gpgsplit,21,2,50537.0,0,0,0,0.0685425230194211,1,Normal
2026-10-09,14:02:17,Binary: /bin/gpgtar,19,2,50537.0,0,0,0,0.06834010524687412,1,Normal
2026-10-09,14:02:18,Binary: /bin/gpgv,17,2,50538.0,0,0,0,0.0663606873175081,1,Normal
2026-10-09,14:02:18,Binary: /bin/gpic,17,2,50538.0,0,0,0,0.0663606873175081,1,Normal
2026-10-09,14:02:18,Binary: /bin/gprof,18,2,50538.0,0,0,0,0.06786653110003305,1,Normal
2026-10-09,14:02:18,Binary: /bin/gprofng,20,2,50538.0,0,0,0,0.05287001621729742,1,Normal
2026-10-09,14:02:18,Binary: /bin/gprofng-archive,28,2,50538.0,0,0,0,0.05319544225674888,1,Normal
2026-10-09,14:02:18,Binary: /bin/gprofng-collect-app,32,2,50538.0,0,0,0,0.05319544225674888,1,Normal
2026-10-09,14:02:18,Binary: /bin/gprofng-display-html,33,2,50538.0,0,0,0,0.04704566656268505,1,Normal
2026-10-09,14:02:18,Binary: /bin/gprofng-display-src,32,2,50538.0,0,0,0,0.04704566656268505,1,Normal
2026-10-09,14:02:18,Binary: /bin/gprofng-display-text,33,2,50538.0,0,0,0,0.03025844916856879,1,Normal
2026-10-09,14:02:18,Binary: /bin/gprofng-gmon,25,2,50538.0,0,0,0,0.05281135588522007,1,Normal
2026-10-09,14:02:18,Binary: /bin/gpu-manager,24,2,50538.0,0,0,0,0.052528047292558055,1,Normal
2026-10-09,14:02:18,Binary: /bin/grdctl,19,2,50538.0,0,0,0,0.06834010524687412,1,Normal
2026-10-09,14:02:18,Binary: /bin/grep,17,2,50538.0,0,0,0,0.0663606873175081,1,Normal
2026-10-09,14:02:18,Binary: /bin/gresource,22,2,50538.0,0,0,0,0.06722873142641983,1,Normal
2026-10-09,14:02:18,Binary: /bin/groff,18,2,50538.0,0,0,0,0.06786653110003305,1,Normal
2026-10-09,14:02:19,Binary: /bin/grog,17,2,50539.0,0,0,0,0.066138192191952,1,Normal
2026-10-09,14:02:19,Binary: /bin/grops,18,2,50539.0,0,0,0,0.06764512239201248,1,Normal
2026-10-09,14:02:19,Binary: /bin/grotty,19,2,50539.0,0,0,0,0.06811903820726783,1,Normal
2026-10-09,14:02:19,Binary: /bin/groups,19,2,50539.0,0,0,0,0.06811903820726783,1,Normal
2026-10-09,14:02:19,Binary: /bin/growpart,21,2,50539.0,0,0,0,0.0684098750792913,1,Normal
2026-10-09,14:02:19,Binary: /bin/grub-editenv,25,2,50539.0,0,0,0,0.04535215119525754,1,Normal
2026-10-09,14:02:19,Binary: /bin/grub-file,22,2,50539.0,0,0,0,0.034598485783178645,1,Normal
2026-10-09,14:02:19,Binary: /bin/grub-fstest,24,2,50539.0,0,0,1,0.02119608902725556,1,Normal
2026-10-09,14:02:19,Binary: /bin/grub-glue-efi,26,2,50539.0,0,0,0,0.04535215119525754,1,Normal
2026-10-09,14:02:19,Binary: /bin/grub-kbdcomp,25,2,50539.0,0,0,0,0.04535215119525754,1,Normal
2026-10-09,14:02:19,Binary: /bin/grub-menulst2cfg,29,2,50539.0,0,0,0,0.045150877452140914,1,Normal
2026-10-09,14:02:19,Binary: /bin/grub-mkfont,24,2,50539.0,0,0,0,0.04524069826468535,1,Normal
2026-10-09,14:02:19,Binary: /bin/grub-mkimage,25,2,50539.0,0,0,0,0.04535215119525754,1,Normal
2026-10-09,14:02:19,Binary: /bin/grub-mklayout,26,2,50539.0,0,0,0,0.04535215119525754,1,Normal
2026-10-09,14:02:19,Binary: /bin/grub-mknetdir,26,2,50539.0,0,0,0,0.04535215119525754,1,Normal
2026-10-09,14:02:19,Binary: /bin/grub-mkpasswd-pbkdf2,33,2,50539.0,0,0,0,0.045150877452140914,1,Normal
2026-10-09,14:02:19,Binary: /bin/grub-mkrelpath,27,2,50539.0,0,0,0,0.045150877452140914,1,Normal
2026-10-09,14:02:20,Binary: /bin/grub-mkrescue,26,2,50540.0,0,0,0,0.04535215119525754,1,Normal
2026-10-09,14:02:20,Binary: /bin/grub-mkstandalone,30,2,50540.0,0,0,0,0.045150877452140914,1,Normal
2026-10-09,14:02:20,Binary: /bin/grub-mount,23,2,50540.0,0,0,0,0.040163915091221636,1,Normal
2026-10-09,14:02:20,Binary: /bin/grub-ntldr-img,27,2,50540.0,0,0,0,0.045150877452140914,1,Normal
2026-10-09,14:02:20,Binary: /bin/grub-render-label,30,2,50540.0,0,0,0,0.045150877452140914,1,Normal
2026-10-09,14:02:20,Binary: /bin/grub-script-check,30,2,50540.0,0,0,0,0.041119705250871386,1,Normal
2026-10-09,14:02:20,Binary: /bin/grub-syslinux2cfg,30,2,50540.0,0,0,0,0.045150877452140914,1,Normal
2026-10-09,14:02:20,Binary: /bin/gs,15,2,50540.0,0,0,0,0.06326103341480566,1,Normal
2026-10-09,14:02:20,Binary: /bin/gsbj,17,2,50540.0,0,0,0,0.06688357761049563,1,Normal
2026-10-09,14:02:20,Binary: /bin/gsdj,17,2,50540.0,0,0,0,0.06688357761049563,1,Normal
2026-10-09,14:02:20,Binary: /bin/gsdj500,20,2,50540.0,0,0,0,0.0686271958402001,1,Normal
2026-10-09,14:02:20,Binary: /bin/gsettings,22,2,50540.0,0,0,0,0.06700845439820474,1,Normal
2026-10-09,14:02:20,Binary: /bin/gslj,17,2,50540.0,0,0,0,0.06688357761049563,1,Normal
2026-10-09,14:02:20,Binary: /bin/gslp,17,2,50540.0,0,0,0,0.06688357761049563,1,Normal
2026-10-09,14:02:20,Binary: /bin/gsnd,17,2,50540.0,0,0,0,0.06688357761049563,1,Normal
2026-10-09,14:02:20,Binary: /bin/gst-device-monitor-1.0,35,2,50540.0,0,0,0,0.05586655674578528,1,Normal
2026-10-09,14:02:20,Binary: /bin/gst-discoverer-1.0,31,2,50540.0,0,0,0,0.05613171272095924,1,Normal
2026-10-09,14:02:20,Binary: /bin/gst-inspect-1.0,28,2,50540.0,0,0,0,0.0562394819189882,1,Normal
2026-10-09,14:02:21,Binary: /bin/gst-launch-1.0,27,2,50541.0,0,0,0,0.056347214665600776,1,Normal
2026-10-09,14:02:21,Binary: /bin/gst-play-1.0,25,2,50541.0,0,0,0,0.05643398433314917,1,Normal
2026-10-09,14:02:21,Binary: /bin/gst-stats-1.0,26,2,50541.0,0,0,0,0.05654165129205435,1,Normal
2026-10-09,14:02:21,Binary: /bin/gst-tester-1.0,27,2,50541.0,0,0,1,0.03334991147033761,1,Normal
2026-10-09,14:02:21,Binary: /bin/gst-typefind-1.0,29,2,50541.0,0,0,0,0.05613171272095924,1,Normal
2026-10-09,14:02:21,Binary: /bin/gstack,19,2,50541.0,0,0,0,0.06845752753850443,1,Normal
2026-10-09,14:02:21,Binary: /bin/gstreamer-codec-install,36,2,50541.0,0,0,0,0.054444986905468784,1,Normal
2026-10-09,14:02:21,Binary: /bin/gtbl,17,2,50541.0,0,0,0,0.06698295555278011,1,Normal
2026-10-09,14:02:21,Binary: /bin/gted,17,2,50541.0,0,0,0,0.06698295555278011,1,Normal
2026-10-09,14:02:21,Binary: /bin/gtk-builder-tool,29,2,50541.0,0,0,0,0.03877245155716336,1,Normal
2026-10-09,14:02:21,Binary: /bin/gtk-encode-symbolic-svg,36,2,50541.0,0,0,0,0.05252409674333969,1,Normal
2026-10-09,14:02:21,Binary: /bin/gtk-launch,23,2,50541.0,0,0,0,0.054065602427324,1,Normal
2026-10-09,14:02:21,Binary: /bin/gtk-query-settings,31,2,50541.0,0,0,0,0.03612491314968913,1,Normal
2026-10-09,14:02:21,Binary: /bin/gtk-update-icon-cache,34,2,50541.0,0,0,0,0.045700097675457796,1,Normal
2026-10-09,14:02:21,Binary: /bin/gtk4-broadwayd,27,2,50541.0,0,0,0,0.051080792349201154,1,Normal
2026-10-09,14:02:21,Binary: /bin/gtk4-builder-tool,30,2,50541.0,0,0,0,0.03522715176806801,1,Normal
2026-10-09,14:02:21,Binary: /bin/gtk4-encode-symbolic-svg,37,2,50541.0,0,0,0,0.04931743121358767,1,Normal
2026-10-09,14:02:22,Binary: /bin/gtk4-image-tool,28,2,50542.0,0,0,0,0.03522715176806801,1,Normal
2026-10-09,14:02:22,Binary: /bin/gtk4-launch,24,2,50542.0,0,0,0,0.051278444950940916,1,Normal
2026-10-09,14:02:22,Binary: /bin/gtk4-path-tool,27,2,50542.0,0,0,0,0.03522715176806801,1,Normal
2026-10-09,14:02:22,Binary: /bin/gtk4-query-settings,32,2,50542.0,0,0,0,0.038669271456821086,1,Normal
2026-10-09,14:02:22,Binary: /bin/gtk4-rendernode-tool,33,2,50542.0,0,0,0,0.03522715176806801,1,Normal
2026-10-09,14:02:22,Binary: /bin/gtk4-update-icon-cache,35,2,50542.0,0,0,0,0.03983416128819778,1,Normal
2026-10-09,14:02:22,Binary: /bin/gunzip,19,2,50542.0,0,0,0,0.0686343146434149,1,Normal
2026-10-09,14:02:22,Binary: /bin/gzexe,18,2,50542.0,0,0,0,0.06786674637510842,1,Normal
2026-10-09,14:02:22,Binary: /bin/gzip,17,2,50542.0,0,0,0,0.0671605937484479,1,Normal
2026-10-09,14:02:22,Binary: /bin/h2ph,17,2,50542.0,0,0,0,0.0671605937484479,1,Normal
2026-10-09,14:02:22,Binary: /bin/h2xs,17,2,50542.0,0,0,0,0.0671605937484479,1,Normal
2026-10-09,14:02:22,Binary: /bin/hardlink,21,2,50542.0,0,0,0,0.06930896333302666,1,Normal
2026-10-09,14:02:22,Binary: /bin/hashsum,20,2,50542.0,0,0,0,0.06918361674061885,1,Normal
2026-10-09,14:02:22,Binary: /bin/hbpldecode,23,2,50542.0,0,0,0,0.06735572949317126,1,Normal
2026-10-09,14:02:22,Binary: /bin/hciattach,22,2,50542.0,0,0,0,0.0669993025133831,1,Normal
2026-10-09,14:02:22,Binary: /bin/hciconfig,22,2,50542.0,0,0,0,0.0669993025133831,1,Normal
2026-10-09,14:02:22,Binary: /bin/hcitool,20,2,50542.0,0,0,0,0.06918361674061885,1,Normal
2026-10-09,14:02:23,Binary: /bin/hd,15,2,50543.0,0,0,0,0.06264552503376275,1,Normal
2026-10-09,14:02:23,Binary: /bin/head,17,2,50543.0,0,0,0,0.06665703531470413,1,Normal
2026-10-09,14:02:23,Binary: /bin/heif-thumbnailer,29,2,50543.0,0,0,0,0.056661151632083295,1,Normal
2026-10-09,14:02:23,Binary: /bin/helpztags,22,2,50543.0,0,0,0,0.0665627517418575,1,Normal
2026-10-09,14:02:23,Binary: /bin/hex2hcd,20,2,50543.0,0,0,0,0.06868337018977283,1,Normal
2026-10-09,14:02:23,Binary: /bin/hexdump,20,2,50543.0,0,0,0,0.06868337018977283,1,Normal
2026-10-09,14:02:23,Binary: /bin/hipercdecode,25,2,50543.0,0,0,0,0.06310052683878431,1,Normal
2026-10-09,14:02:23,Binary: /bin/host,17,2,50543.0,0,0,0,0.06665703531470413,1,Normal
2026-10-09,14:02:23,Binary: /bin/hostid,19,2,50543.0,0,0,0,0.06813316883228943,1,Normal
2026-10-09,14:02:23,Binary: /bin/hostname,21,2,50543.0,0,0,0,0.06887568883068707,1,Normal
2026-10-09,14:02:23,Binary: /bin/hostnamectl,24,2,50543.0,0,0,0,0.06629804628743763,1,Normal
2026-10-09,14:02:23,Binary: /bin/hp-align,21,2,50543.0,0,0,0,0.05205668895651916,1,Normal
2026-10-09,14:02:23,Binary: /bin/hp-check,21,2,50543.0,0,0,0,0.037981145654379045,1,Normal
2026-10-09,14:02:23,Binary: /bin/hp-clean,21,2,50543.0,0,0,0,0.05205668895651916,1,Normal
2026-10-09,14:02:23,Binary: /bin/hp-colorcal,24,2,50543.0,0,0,0,0.05430161329082622,1,Normal
2026-10-09,14:02:23,Binary: /bin/hp-config_usb_printer,34,2,50543.0,0,0,0,0.05410580793466968,1,Normal
2026-10-09,14:02:23,Binary: /bin/hp-doctor,22,2,50543.0,0,0,0,0.051947504508880527,1,Normal
2026-10-09,14:02:24,Binary: /bin/hp-firmware,24,2,50544.0,0,0,0,0.0547739022377311,1,Normal
2026-10-09,14:02:24,Binary: /bin/hp-info,20,2,50544.0,0,0,0,0.03873693793033478,1,Normal
2026-10-09,14:02:24,Binary: /bin/hp-levels,22,2,50544.0,0,0,0,0.05242326299697536,1,Normal
2026-10-09,14:02:24,Binary: /bin/hp-logcapture,26,2,50544.0,0,0,0,0.0547739022377311,1,Normal
2026-10-09,14:02:24,Binary: /bin/hp-makeuri,23,2,50544.0,0,0,0,0.05369047413336975,1,Normal
2026-10-09,14:02:24,Binary: /bin/hp-pkservice,25,2,50544.0,0,0,0,0.0547739022377311,1,Normal
2026-10-09,14:02:24,Binary: /bin/hp-plugin,22,2,50544.0,0,0,0,0.03999315205675469,1,Normal
2026-10-09,14:02:24,Binary: /bin/hp-plugin-ubuntu,29,2,50544.0,0,0,0,0.031846181357044645,1,Normal
2026-10-09,14:02:24,Binary: /bin/hp-probe,21,2,50544.0,0,0,0,0.05253228652599329,1,Normal
2026-10-09,14:02:24,Binary: /bin/hp-query,21,2,50544.0,0,0,0,0.034821407048011566,1,Normal
2026-10-09,14:02:24,Binary: /bin/hp-scan,20,2,50544.0,0,0,0,0.05242326299697536,1,Normal
2026-10-09,14:02:24,Binary: /bin/hp-setup,21,2,50544.0,0,0,0,0.05253228652599329,1,Normal
2026-10-09,14:02:24,Binary: /bin/hp-testpage,24,2,50544.0,0,0,1,0.030340255069331135,1,Normal
2026-10-09,14:02:24,Binary: /bin/hp-timedate,24,2,50544.0,0,0,0,0.0547739022377311,1,Normal
2026-10-09,14:02:24,Binary: /bin/hwctl,18,2,50544.0,0,0,0,0.06701216146898809,1,Normal
2026-10-09,14:02:24,Binary: /bin/hwe-support-status,31,2,50544.0,0,0,0,0.05031389382441337,1,Normal
2026-10-09,14:02:24,Binary: /bin/i386,17,2,50544.0,0,0,0,0.06630404242247362,1,Normal
2026-10-09,14:02:25,Binary: /bin/ibus,17,2,50545.0,0,0,0,0.06599899959143751,1,Normal
2026-10-09,14:02:25,Binary: /bin/ibus-daemon,24,2,50545.0,0,0,0,0.06638857880371013,1,Normal
2026-10-09,14:02:25,Binary: /bin/ibus-setup,23,2,50545.0,0,0,0,0.06701003437924724,1,Normal
2026-10-09,14:02:25,Binary: /bin/ibus-table-createdb,32,2,50545.0,0,0,0,0.05569074328271045,1,Normal
2026-10-09,14:02:25,Binary: /bin/iceauth,20,2,50545.0,0,0,0,0.06822173449842062,1,Normal
2026-10-09,14:02:25,Binary: /bin/iconv,18,2,50545.0,0,0,0,0.06690071884230075,1,Normal
2026-10-09,14:02:25,Binary: /bin/id,15,2,50545.0,0,0,0,0.05412316627335145,1,Normal
2026-10-09,14:02:25,Binary: /bin/iecset,19,2,50545.0,0,0,0,0.06767070328885688,1,Normal
2026-10-09,14:02:25,Binary: /bin/ijs_pxljr,22,2,50545.0,0,0,0,0.06665320656625151,1,Normal
2026-10-09,14:02:25,Binary: /bin/im-config,22,2,50545.0,0,0,0,0.06665320656625151,1,Normal
2026-10-09,14:02:25,Binary: /bin/im-launch,22,2,50545.0,0,0,0,0.06665320656625151,1,Normal
2026-10-09,14:02:25,Binary: /bin/inetutils-telnet,29,2,50545.0,0,0,0,0.05706860072516151,1,Normal
2026-10-09,14:02:25,Binary: /bin/info,17,2,50545.0,0,0,0,0.05043676708352013,1,Normal
2026-10-09,14:02:25,Binary: /bin/infobrowser,24,2,50545.0,0,0,0,0.06638857880371013,1,Normal
2026-10-09,14:02:25,Binary: /bin/infocmp,20,2,50545.0,0,0,0,0.06822173449842062,1,Normal
2026-10-09,14:02:25,Binary: /bin/infotocap,22,2,50545.0,0,0,0,0.06665320656625151,1,Normal
2026-10-09,14:02:25,Binary: /bin/inputattach,24,2,50545.0,0,0,0,0.06638857880371013,1,Normal
2026-10-09,14:02:25,Binary: /bin/install,20,2,50545.0,0,0,0,0.055050290954297254,1,Normal
2026-10-09,14:02:25,Binary: /bin/install-info,25,2,50545.0,0,0,0,0.04043822971971556,1,Normal
2026-10-09,14:02:26,Binary: /bin/install-menu,25,2,50546.0,0,0,0,0.05539273500626746,1,Normal
2026-10-09,14:02:26,Binary: /bin/instmodsh,22,2,50546.0,0,0,0,0.06653648782011345,1,Normal
2026-10-09,14:02:26,Binary: /bin/ionice,19,2,50546.0,0,0,0,0.06836273486648609,1,Normal
2026-10-09,14:02:26,Binary: /bin/iostat,19,2,50546.0,0,0,0,0.06836273486648609,1,Normal
2026-10-09,14:02:26,Binary: /bin/ip,15,2,50546.0,0,0,0,0.061728931934578624,1,Normal
2026-10-09,14:02:26,Binary: /bin/ipcmk,18,2,50546.0,0,0,0,0.06759448563365278,1,Normal
2026-10-09,14:02:26,Binary: /bin/ipcrm,18,2,50546.0,0,0,0,0.06759448563365278,1,Normal
2026-10-09,14:02:26,Binary: /bin/ipcs,17,2,50546.0,0,0,0,0.06669479847009369,1,Normal
2026-10-09,14:02:26,Binary: /bin/ippfind,20,2,50546.0,0,0,0,0.06890439533612247,1,Normal
2026-10-09,14:02:26,Binary: /bin/ipptool,20,2,50546.0,0,0,0,0.06890439533612247,1,Normal
2026-10-09,14:02:26,Binary: /bin/iptables-xml,25,2,50546.0,0,0,0,0.036817671592462076,1,Normal
2026-10-09,14:02:26,Binary: /bin/ischroot,21,2,50546.0,0,0,0,0.06909657509607386,1,Normal
2026-10-09,14:02:26,Binary: /bin/ispell-wrapper,27,2,50546.0,0,0,0,0.044538601910082576,1,Normal
2026-10-09,14:02:26,Binary: /bin/join,17,2,50546.0,0,0,0,0.06669479847009369,1,Normal
2026-10-09,14:02:27,Binary: /bin/journalctl,23,2,50547.0,0,0,0,0.06727267231267325,1,Normal
2026-10-09,14:02:27,Binary: /bin/jpgicc,19,2,50547.0,0,0,0,0.06862987177703372,1,Normal
2026-10-09,14:02:27,Binary: /bin/jq,15,2,50547.0,0,0,0,0.06270049881146439,1,Normal
2026-10-09,14:02:27,Binary: /bin/json-patch-jsondiff,32,2,50547.0,0,0,0,0.0562978721265639,1,Normal
2026-10-09,14:02:27,Binary: /bin/json_pp,20,2,50547.0,0,0,0,0.0691710599814454,1,Normal
2026-10-09,14:02:27,Binary: /bin/jsondiff,21,2,50547.0,0,0,0,0.06936307218289367,1,Normal
2026-10-09,14:02:27,Binary: /bin/jsonpatch,22,2,50547.0,0,0,0,0.06675997903671632,1,Normal
2026-10-09,14:02:27,Binary: /bin/jsonpointer,24,2,50547.0,0,0,0,0.0665475009034655,1,Normal
2026-10-09,14:02:27,Binary: /bin/jsonschema,23,2,50547.0,0,0,0,0.06727267231267325,1,Normal
2026-10-09,14:02:27,Binary: /bin/kbd_mode,21,2,50547.0,0,0,0,0.06936307218289367,1,Normal
2026-10-09,14:02:27,Binary: /bin/kbdinfo,20,2,50547.0,0,0,0,0.0691710599814454,1,Normal
2026-10-09,14:02:27,Binary: /bin/kbxutil,20,2,50547.0,0,0,0,0.0691710599814454,1,Normal
2026-10-09,14:02:27,Binary: /bin/kernel-install,27,2,50547.0,0,0,0,0.03939643389542141,1,Normal
2026-10-09,14:02:27,Binary: /bin/kill,17,2,50547.0,0,0,0,0.0673015049973329,1,Normal
2026-10-09,14:02:27,Binary: /bin/killall,20,2,50547.0,0,0,0,0.0691710599814454,1,Normal
2026-10-09,14:02:27,Binary: /bin/kmod,17,2,50547.0,0,0,0,0.0673015049973329,1,Normal
2026-10-09,14:02:27,Binary: /bin/kmodsign,21,2,50547.0,0,0,0,0.06936307218289367,1,Normal
2026-10-09,14:02:27,Binary: /bin/l2ping,19,2,50547.0,0,0,0,0.06862987177703372,1,Normal
2026-10-09,14:02:28,Binary: /bin/l2test,19,2,50548.0,0,0,1,0.03410885124716467,1,Normal
2026-10-09,14:02:28,Binary: /bin/laptop-detect,26,2,50548.0,0,0,0,0.06254143325012296,1,Normal
2026-10-09,14:02:28,Binary: /bin/lavadecode,23,2,50548.0,0,0,0,0.0674285823395025,1,Normal
2026-10-09,14:02:28,Binary: /bin/ld,15,2,50548.0,0,0,0,0.06285872718989965,1,Normal
2026-10-09,14:02:28,Binary: /bin/ld.bfd,19,2,50548.0,0,0,0,0.06878509362666302,1,Normal
2026-10-09,14:02:28,Binary: /bin/ld.so,18,2,50548.0,0,0,0,0.06801790342457387,1,Normal
2026-10-09,14:02:28,Binary: /bin/ldapadd,20,2,50548.0,0,0,0,0.06932600741792244,1,Normal
2026-10-09,14:02:28,Binary: /bin/ldapcompare,24,2,50548.0,0,0,0,0.06670377863337973,1,Normal
2026-10-09,14:02:28,Binary: /bin/ldapdelete,23,2,50548.0,0,0,0,0.0674285823395025,1,Normal
2026-10-09,14:02:28,Binary: /bin/ldapexop,21,2,50548.0,0,0,0,0.06951792225828074,1,Normal
2026-10-09,14:02:28,Binary: /bin/ldapmodify,23,2,50548.0,0,0,0,0.0674285823395025,1,Normal
2026-10-09,14:02:28,Binary: /bin/ldapmodrdn,23,2,50548.0,0,0,0,0.0674285823395025,1,Normal
2026-10-09,14:02:28,Binary: /bin/ldappasswd,23,2,50548.0,0,0,0,0.0674285823395025,1,Normal
2026-10-09,14:02:28,Binary: /bin/ldapsearch,23,2,50548.0,0,0,0,0.0674285823395025,1,Normal
2026-10-09,14:02:28,Binary: /bin/ldapurl,20,2,50548.0,0,0,0,0.06932600741792244,1,Normal
2026-10-09,14:02:28,Binary: /bin/ldapwhoami,23,2,50548.0,0,0,0,0.0674285823395025,1,Normal
2026-10-09,14:02:28,Binary: /bin/ldd,16,2,50548.0,0,0,0,0.0641591690818219,1,Normal
2026-10-09,14:02:29,Binary: /bin/less,17,2,50549.0,0,0,0,0.06745740040435372,1,Normal
2026-10-09,14:02:29,Binary: /bin/lessecho,21,2,50549.0,0,0,0,0.06951792225828074,1,Normal
2026-10-09,14:02:29,Binary: /bin/lessfile,21,2,50549.0,0,0,0,0.06951792225828074,1,Normal
2026-10-09,14:02:29,Binary: /bin/lesskey,20,2,50549.0,0,0,0,0.06932600741792244,1,Normal
2026-10-09,14:02:29,Binary: /bin/lesspipe,21,2,50549.0,0,0,0,0.06951792225828074,1,Normal
2026-10-09,14:02:29,Binary: /bin/lexgrog,20,2,50549.0,0,0,0,0.06932600741792244,1,Normal
2026-10-09,14:02:29,Binary: /bin/libnetcfg,22,2,50549.0,0,0,0,0.0669161490281509,1,Normal
2026-10-09,14:02:29,Binary: /bin/link,17,2,50549.0,0,0,0,0.06745740040435372,1,Normal
2026-10-09,14:02:29,Binary: /bin/linkicc,20,2,50549.0,0,0,0,0.06932600741792244,1,Normal
2026-10-09,14:02:29,Binary: /bin/linux-boot-prober,30,2,50549.0,0,0,0,0.034682521578434156,1,Normal
2026-10-09,14:02:29,Binary: /bin/linux-check-removal,32,2,50549.0,0,0,0,0.023916899308763062,1,Normal
2026-10-09,14:02:29,Binary: /bin/linux-run-hooks,28,2,50549.0,0,0,0,0.024300630754228558,1,Normal
2026-10-09,14:02:29,Binary: /bin/linux-update-symlinks,34,2,50549.0,0,0,0,0.026438539149029328,1,Normal
2026-10-09,14:02:29,Binary: /bin/linux-version,26,2,50549.0,0,0,0,0.01982882438789013,1,Normal
2026-10-09,14:02:29,Binary: /bin/linux32,20,2,50549.0,0,0,0,0.06932600741792244,1,Normal
2026-10-09,14:02:29,Binary: /bin/linux64,20,2,50549.0,0,0,0,0.06932600741792244,1,Normal
2026-10-09,14:02:29,Binary: /bin/listres,20,2,50549.0,0,0,0,0.06932600741792244,1,Normal
2026-10-09,14:02:30,Binary: /bin/ln,15,2,50550.0,0,0,0,0.06285872718989965,1,Normal
2026-10-09,14:02:30,Binary: /bin/lnstat,19,2,50550.0,0,0,0,0.06878509362666302,1,Normal
2026-10-09,14:02:30,Binary: /bin/loadkeys,21,2,50550.0,0,0,0,0.06951792225828074,1,Normal
2026-10-09,14:02:30,Binary: /bin/loadunimap,23,2,50550.0,0,0,0,0.0674285823395025,1,Normal
2026-10-09,14:02:30,Binary: /bin/locale,19,2,50550.0,0,0,0,0.06878509362666302,1,Normal
2026-10-09,14:02:30,Binary: /bin/locale-check,25,2,50550.0,0,0,0,0.05165253904077832,1,Normal
2026-10-09,14:02:30,Binary: /bin/localectl,22,2,50550.0,0,0,0,0.0669161490281509,1,Normal
2026-10-09,14:02:30,Binary: /bin/localedef,22,2,50550.0,0,0,0,0.0669161490281509,1,Normal
2026-10-09,14:02:30,Binary: /bin/localsearch,24,2,50550.0,0,0,0,0.06659955003417406,1,Normal
2026-10-09,14:02:30,Binary: /bin/logger,19,2,50550.0,0,0,0,0.06878509362666302,1,Normal
2026-10-09,14:02:30,Binary: /bin/login,18,2,50550.0,0,0,0,0.06801790342457387,1,Normal
2026-10-09,14:02:30,Binary: /bin/loginctl,21,2,50550.0,0,0,0,0.06951792225828074,1,Normal
2026-10-09,14:02:30,Binary: /bin/logname,20,2,50550.0,0,0,0,0.06932600741792244,1,Normal
2026-10-09,14:02:30,Binary: /bin/look,17,2,50550.0,0,0,0,0.06745740040435372,1,Normal
2026-10-09,14:02:30,Binary: /bin/loupe,18,2,50550.0,0,0,0,0.06801790342457387,1,Normal
2026-10-09,14:02:30,Binary: /bin/lowntfs-3g,23,2,50550.0,0,0,0,0.05007172712639252,1,Normal
2026-10-09,14:02:31,Binary: /bin/lp,15,2,50551.0,0,0,0,0.06304827450846989,1,Normal
2026-10-09,14:02:31,Binary: /bin/lpoptions,22,2,50551.0,0,0,0,0.06697754449421778,1,Normal
2026-10-09,14:02:31,Binary: /bin/lpq,16,2,50551.0,0,0,0,0.06422111440416856,1,Normal
2026-10-09,14:02:31,Binary: /bin/lpr,16,2,50551.0,0,0,0,0.06422111440416856,1,Normal
2026-10-09,14:02:31,Binary: /bin/lprm,17,2,50551.0,0,0,0,0.06751868792242172,1,Normal
2026-10-09,14:02:31,Binary: /bin/lpstat,19,2,50551.0,0,0,0,0.06884611634757254,1,Normal
2026-10-09,14:02:31,Binary: /bin/ls,15,2,50551.0,0,0,0,0.06304827450846989,1,Normal
2026-10-09,14:02:31,Binary: /bin/lsattr,19,2,50551.0,0,0,0,0.06884611634757254,1,Normal
2026-10-09,14:02:31,Binary: /bin/lsb_release,24,2,50551.0,0,0,0,0.06644321942762982,1,Normal
2026-10-09,14:02:31,Binary: /bin/lsblk,18,2,50551.0,0,0,0,0.06807907915506584,1,Normal
2026-10-09,14:02:31,Binary: /bin/lscpu,18,2,50551.0,0,0,0,0.06807907915506584,1,Normal
2026-10-09,14:02:31,Binary: /bin/lshw,17,2,50551.0,0,0,0,0.06751868792242172,1,Normal
2026-10-09,14:02:31,Binary: /bin/lsinitramfs,24,2,50551.0,0,0,0,0.06644321942762982,1,Normal
2026-10-09,14:02:31,Binary: /bin/lsinitrd,21,2,50551.0,0,0,0,0.06957879882273177,1,Normal
2026-10-09,14:02:31,Binary: /bin/lsipc,18,2,50551.0,0,0,0,0.06807907915506584,1,Normal
2026-10-09,14:02:31,Binary: /bin/lslocks,20,2,50551.0,0,0,0,0.06938692225816157,1,Normal
2026-10-09,14:02:31,Binary: /bin/lsmod,18,2,50551.0,0,0,0,0.05685165666421793,1,Normal
2026-10-09,14:02:31,Binary: /bin/lsns,17,2,50551.0,0,0,0,0.06751868792242172,1,Normal
2026-10-09,14:02:31,Binary: /bin/lsof,17,2,50551.0,0,0,0,0.06751868792242172,1,Normal
2026-10-09,14:02:31,Binary: /bin/lspci,18,2,50551.0,0,0,0,0.06807907915506584,1,Normal
2026-10-09,14:02:31,Binary: /bin/lspgpot,20,2,50551.0,0,0,0,0.06938692225816157,1,Normal
2026-10-09,14:02:32,Binary: /bin/lspower,20,2,50552.0,0,0,0,0.06940270475303095,1,Normal
2026-10-09,14:02:32,Binary: /bin/lsusb,18,2,50552.0,0,0,0,0.06809492924428595,1,Normal
2026-10-09,14:02:32,Binary: /bin/lto-dump,21,2,50552.0,0,0,0,0.05220587875086258,1,Normal
2026-10-09,14:02:32,Binary: /bin/lto-dump-15,24,2,50552.0,0,0,0,0.026662986072299222,1,Normal
2026-10-09,14:02:32,Binary: /bin/luit,17,2,50552.0,0,0,0,0.06753456697481142,1,Normal
2026-10-09,14:02:32,Binary: /bin/lwp-download,25,2,50552.0,0,0,0,0.06350138245161008,1,Normal
2026-10-09,14:02:32,Binary: /bin/lwp-dump,21,2,50552.0,0,0,0,0.05220587875086258,1,Normal
2026-10-09,14:02:32,Binary: /bin/lwp-mirror,23,2,50552.0,0,0,0,0.06763122647985026,1,Normal
2026-10-09,14:02:32,Binary: /bin/lwp-request,24,2,50552.0,0,0,0,0.06590943205992883,1,Normal
2026-10-09,14:02:32,Binary: /bin/lzcat,18,2,50552.0,0,0,0,0.06809492924428595,1,Normal
2026-10-09,14:02:32,Binary: /bin/lzcmp,18,2,50552.0,0,0,0,0.06809492924428595,1,Normal
2026-10-09,14:02:32,Binary: /bin/lzdiff,19,2,50552.0,0,0,0,0.06886192679336689,1,Normal
2026-10-09,14:02:32,Binary: /bin/lzegrep,20,2,50552.0,0,0,0,0.06940270475303095,1,Normal
2026-10-09,14:02:32,Binary: /bin/lzfgrep,20,2,50552.0,0,0,0,0.06940270475303095,1,Normal
2026-10-09,14:02:32,Binary: /bin/lzgrep,19,2,50552.0,0,0,0,0.06886192679336689,1,Normal
2026-10-09,14:02:32,Binary: /bin/lzless,19,2,50552.0,0,0,0,0.06886192679336689,1,Normal
2026-10-09,14:02:32,Binary: /bin/lzma,17,2,50552.0,0,0,0,0.06753456697481142,1,Normal
2026-10-09,14:02:33,Binary: /bin/lzmainfo,21,2,50553.0,0,0,0,0.06934768958891635,1,Normal
2026-10-09,14:02:33,Binary: /bin/lzmore,19,2,50553.0,0,0,0,0.06861445225151352,1,Normal
2026-10-09,14:02:33,Binary: /bin/m17n-db,20,2,50553.0,0,0,0,0.06915566771575105,1,Normal
2026-10-09,14:02:33,Binary: /bin/m2300w,19,2,50553.0,0,0,0,0.06861445225151352,1,Normal
2026-10-09,14:02:33,Binary: /bin/m2300w-wrapper,27,2,50553.0,0,0,0,0.04456217246337252,1,Normal
2026-10-09,14:02:33,Binary: /bin/m2400w,19,2,50553.0,0,0,0,0.06861445225151352,1,Normal
2026-10-09,14:02:33,Binary: /bin/make,17,2,50553.0,0,0,0,0.06728601856154576,1,Normal
2026-10-09,14:02:33,Binary: /bin/make-first-existing-target,39,2,50553.0,0,0,0,0.053116830372924195,1,Normal
2026-10-09,14:02:33,Binary: /bin/makedumpfile,25,2,50553.0,0,0,0,0.0630972077286861,1,Normal
2026-10-09,14:02:33,Binary: /bin/makedumpfile-R.pl,30,2,50553.0,0,0,0,0.05771293938478833,1,Normal
2026-10-09,14:02:33,Binary: /bin/man,16,2,50553.0,0,0,0,0.06398594778274241,1,Normal
2026-10-09,14:02:33,Binary: /bin/man-recode,23,2,50553.0,0,0,0,0.06716538313247711,1,Normal
2026-10-09,14:02:33,Binary: /bin/mandb,18,2,50553.0,0,0,0,0.06784683417985099,1,Normal
2026-10-09,14:02:33,Binary: /bin/manpath,20,2,50553.0,0,0,0,0.06915566771575105,1,Normal
2026-10-09,14:02:33,Binary: /bin/mapscrn,20,2,50553.0,0,0,0,0.06915566771575105,1,Normal
2026-10-09,14:02:33,Binary: /bin/markdown-it,24,2,50553.0,0,0,0,0.06550838430079642,1,Normal
2026-10-09,14:02:34,Binary: /bin/mawk,17,2,50554.0,0,0,0,0.06726240703364533,1,Normal
2026-10-09,14:02:34,Binary: /bin/mbim-network,25,2,50554.0,0,0,0,0.06297889143879215,1,Normal
2026-10-09,14:02:34,Binary: /bin/mbimcli,20,2,50554.0,0,0,0,0.06913219976509499,1,Normal
2026-10-09,14:02:34,Binary: /bin/mcookie,20,2,50554.0,0,0,0,0.06913219976509499,1,Normal
2026-10-09,14:02:34,Binary: /bin/md5sum,19,2,50554.0,0,0,0,0.06859094273892868,1,Normal
2026-10-09,14:02:34,Binary: /bin/mdig,17,2,50554.0,0,0,0,0.06726240703364533,1,Normal
2026-10-09,14:02:34,Binary: /bin/memhog,19,2,50554.0,0,0,0,0.06859094273892868,1,Normal
2026-10-09,14:02:34,Binary: /bin/mesa-overlay-control.py,36,2,50554.0,0,0,0,0.05385960364718689,1,Normal
2026-10-09,14:02:34,Binary: /bin/mesa-screenshot-control.py,39,2,50554.0,0,0,0,0.053116830372924195,1,Normal
2026-10-09,14:02:34,Binary: /bin/migrate-pubring-from-classic-gpg,45,2,50554.0,0,0,0,0.05475837210104856,1,Normal
2026-10-09,14:02:34,Binary: /bin/migratepages,25,2,50554.0,0,0,0,0.06297889143879215,1,Normal
2026-10-09,14:02:34,Binary: /bin/migspeed,21,2,50554.0,0,0,0,0.0692317462170175,1,Normal
2026-10-09,14:02:34,Binary: /bin/mimeopen,21,2,50554.0,0,0,0,0.0692317462170175,1,Normal
2026-10-09,14:02:34,Binary: /bin/mimetype,21,2,50554.0,0,0,0,0.0692317462170175,1,Normal
2026-10-09,14:02:34,Binary: /bin/min12xxw,21,2,50554.0,0,0,0,0.0692317462170175,1,Normal
2026-10-09,14:02:34,Binary: /bin/mk_modmap,22,2,50554.0,0,0,0,0.06640962644049803,1,Normal
2026-10-09,14:02:35,Binary: /bin/mkdir,18,2,50555.0,0,0,0,0.06798128211215154,1,Normal
2026-10-09,14:02:35,Binary: /bin/mkfifo,19,2,50555.0,0,0,0,0.06847616749443763,1,Normal
2026-10-09,14:02:35,Binary: /bin/mkfontdir,22,2,50555.0,0,0,0,0.06650441115239164,1,Normal
2026-10-09,14:02:35,Binary: /bin/mkfontscale,24,2,50555.0,0,0,0,0.06591604627120329,1,Normal
2026-10-09,14:02:35,Binary: /bin/mknod,18,2,50555.0,0,0,0,0.06798128211215154,1,Normal
2026-10-09,14:02:35,Binary: /bin/mksquashfs,23,2,50555.0,0,0,0,0.06714319956306136,1,Normal
2026-10-09,14:02:35,Binary: /bin/mktemp,19,2,50555.0,0,0,0,0.06847616749443763,1,Normal
2026-10-09,14:02:35,Binary: /bin/mmcli,18,2,50555.0,0,0,0,0.06798128211215154,1,Normal
2026-10-09,14:02:35,Binary: /bin/mokutil,20,2,50555.0,0,0,0,0.06901762742912948,1,Normal
2026-10-09,14:02:35,Binary: /bin/monitor-sensor,27,2,50555.0,0,0,0,0.06137673197921184,1,Normal
2026-10-09,14:02:35,Binary: /bin/more,17,2,50555.0,0,0,0,0.06704504294448504,1,Normal
2026-10-09,14:02:35,Binary: /bin/mount,18,2,50555.0,0,0,0,0.04917292792663769,1,Normal
2026-10-09,14:02:35,  Fount known binary: mount (File system tool) - /bin/mount,59,9,50555.0,0,0,0,-0.004385727511359849,-1,Anomalía
2026-10-09,14:02:35,Binary: /bin/mountpoint,23,2,50555.0,0,0,0,0.06714319956306136,1,Normal
2026-10-09,14:02:35,Binary: /bin/mpris-proxy,24,2,50555.0,0,0,0,0.06591604627120329,1,Normal
2026-10-09,14:02:35,Binary: /bin/mpstat,19,2,50555.0,0,0,0,0.06847616749443763,1,Normal
2026-10-09,14:02:35,Binary: /bin/mscompress,23,2,50555.0,0,0,0,0.06714319956306136,1,Normal
2026-10-09,14:02:35,Binary: /bin/msexpand,21,2,50555.0,0,0,0,0.06911721119941056,1,Normal
2026-10-09,14:02:36,Binary: /bin/mt,15,2,50556.0,0,0,0,0.061872479112756396,1,Normal
2026-10-09,14:02:36,Binary: /bin/mt-gnu,19,2,50556.0,0,0,0,0.04720473412250703,1,Normal
2026-10-09,14:02:36,Binary: /bin/mtr,16,2,50556.0,0,0,0,0.06348355495152286,1,Normal
2026-10-09,14:02:36,Binary: /bin/mtr-packet,23,2,50556.0,0,0,0,0.06701292193561825,1,Normal
2026-10-09,14:02:36,Binary: /bin/mv,15,2,50556.0,0,0,0,0.061872479112756396,1,Normal
2026-10-09,14:02:36,Binary: /bin/namei,18,2,50556.0,0,0,0,0.06785135942586479,1,Normal
2026-10-09,14:02:36,Binary: /bin/nano,17,2,50556.0,0,0,0,0.06691472374616841,1,Normal
2026-10-09,14:02:36,Binary: /bin/nautilus,21,2,50556.0,0,0,0,0.06898776959697905,1,Normal
2026-10-09,14:02:36,Binary: /bin/nautilus-autorun-software,38,2,50556.0,0,0,0,0.05323381678034261,1,Normal
2026-10-09,14:02:36,Binary: /bin/nautilus-sendto,28,2,50556.0,0,0,0,0.06006974339695009,1,Normal
2026-10-09,14:02:36,Binary: /bin/nawk,17,2,50556.0,0,0,0,0.06691472374616841,1,Normal
2026-10-09,14:02:36,Binary: /bin/nc,15,2,50556.0,0,0,0,0.061872479112756396,1,Normal
2026-10-09,14:02:36,Binary: /bin/nc.openbsd,23,2,50556.0,0,0,0,0.06701292193561825,1,Normal
2026-10-09,14:02:36,Binary: /bin/neqn,17,2,50556.0,0,0,0,0.06691472374616841,1,Normal
2026-10-09,14:02:36,Binary: /bin/netaddr,20,2,50556.0,0,0,0,0.06888814365140317,1,Normal
2026-10-09,14:02:36,Binary: /bin/netcat,19,2,50556.0,0,0,0,0.06834645439990289,1,Normal
2026-10-09,14:02:36,Binary: /bin/netshaper,22,2,50556.0,0,0,0,0.06637386298799797,1,Normal
2026-10-09,14:02:36,Binary: /bin/networkctl,23,2,50556.0,0,0,0,0.06701292193561825,1,Normal
2026-10-09,14:02:37,Binary: /bin/networkd-dispatcher,32,2,50557.0,0,0,0,0.05667863451890043,1,Normal
2026-10-09,14:02:37,Binary: /bin/ngettext,21,2,50557.0,0,0,0,0.06898776959697905,1,Normal
2026-10-09,14:02:37,Binary: /bin/nhlt-dmic-info,27,2,50557.0,0,0,0,0.05189204527458091,1,Normal
2026-10-09,14:02:37,Binary: /bin/nice,17,2,50557.0,0,0,0,0.06691472374616841,1,Normal
2026-10-09,14:02:37,Binary: /bin/nisdomainname,26,2,50557.0,0,0,0,0.06248143925138705,1,Normal
2026-10-09,14:02:37,Binary: /bin/nl,15,2,50557.0,0,0,0,0.061872479112756396,1,Normal
2026-10-09,14:02:37,Binary: /bin/nm,15,2,50557.0,0,0,0,0.05085919759429314,1,Normal
2026-10-09,14:02:37,Binary: /bin/nm-connection-editor,33,2,50557.0,0,0,0,0.04723431910630027,1,Normal
2026-10-09,14:02:37,Binary: /bin/nm-online,22,2,50557.0,0,0,0,0.052093524858958185,1,Normal
2026-10-09,14:02:37,Binary: /bin/nmcli,18,2,50557.0,0,0,0,0.06785135942586479,1,Normal
2026-10-09,14:02:37,Binary: /bin/nmtui,18,2,50557.0,0,0,0,0.06785135942586479,1,Normal
2026-10-09,14:02:37,Binary: /bin/nmtui-connect,26,2,50557.0,0,0,0,0.06248143925138705,1,Normal
2026-10-09,14:02:37,Binary: /bin/nmtui-edit,23,2,50557.0,0,0,0,0.06707998657883768,1,Normal
2026-10-09,14:02:37,Binary: /bin/nmtui-hostname,27,2,50557.0,0,0,0,0.06124401216194558,1,Normal
2026-10-09,14:02:37,Binary: /bin/nohup,18,2,50557.0,0,0,0,0.06785135942586479,1,Normal
2026-10-09,14:02:37,Binary: /bin/notify-send,24,2,50557.0,0,0,0,0.0657852489250178,1,Normal
2026-10-09,14:02:37,Binary: /bin/nproc,18,2,50557.0,0,0,0,0.06785135942586479,1,Normal
2026-10-09,14:02:38,Binary: /bin/nroff,18,2,50558.0,0,0,0,0.06826986796872603,1,Normal
2026-10-09,14:02:38,Binary: /bin/nsenter,20,2,50558.0,0,0,0,0.0693052383766522,1,Normal
2026-10-09,14:02:38,Binary: /bin/nslookup,21,2,50558.0,0,0,0,0.06940472846665369,1,Normal
2026-10-09,14:02:38,Binary: /bin/nstat,18,2,50558.0,0,0,0,0.06826986796872603,1,Normal
2026-10-09,14:02:38,Binary: /bin/nsupdate,21,2,50558.0,0,0,0,0.06940472846665369,1,Normal
2026-10-09,14:02:38,Binary: /bin/ntfs-3g,20,2,50558.0,0,0,0,0.04001291889278602,1,Normal
2026-10-09,14:02:38,Binary: /bin/ntfs-3g.probe,26,2,50558.0,0,0,0,0.03876895182097778,1,Normal
2026-10-09,14:02:38,Binary: /bin/ntfscat,20,2,50558.0,0,0,0,0.0693052383766522,1,Normal
2026-10-09,14:02:38,Binary: /bin/ntfscluster,24,2,50558.0,0,0,0,0.06613931990903044,1,Normal
2026-10-09,14:02:38,Binary: /bin/ntfscmp,20,2,50558.0,0,0,0,0.0693052383766522,1,Normal
2026-10-09,14:02:38,Binary: /bin/ntfsdecrypt,24,2,50558.0,0,0,0,0.06613931990903044,1,Normal
2026-10-09,14:02:38,Binary: /bin/ntfsfallocate,26,2,50558.0,0,0,0,0.06283929633553892,1,Normal
2026-10-09,14:02:38,Binary: /bin/ntfsfix,20,2,50558.0,0,0,0,0.0693052383766522,1,Normal
2026-10-09,14:02:38,Binary: /bin/ntfsinfo,21,2,50558.0,0,0,0,0.06940472846665369,1,Normal
2026-10-09,14:02:38,Binary: /bin/ntfsls,19,2,50558.0,0,0,0,0.06876428780325416,1,Normal
2026-10-09,14:02:38,Binary: /bin/ntfsmove,21,2,50558.0,0,0,0,0.06940472846665369,1,Normal
2026-10-09,14:02:38,Binary: /bin/ntfsrecover,24,2,50558.0,0,0,0,0.06613931990903044,1,Normal
2026-10-09,14:02:39,Binary: /bin/ntfssecaudit,25,2,50559.0,0,0,0,0.0638382608813094,1,Normal
2026-10-09,14:02:39,Binary: /bin/ntfstruncate,25,2,50559.0,0,0,0,0.0638382608813094,1,Normal
2026-10-09,14:02:39,Binary: /bin/ntfsusermap,24,2,50559.0,0,0,0,0.06626534825269947,1,Normal
2026-10-09,14:02:39,Binary: /bin/ntfswipe,21,2,50559.0,0,0,0,0.06940472846665369,1,Normal
2026-10-09,14:02:39,Binary: /bin/numactl,20,2,50559.0,0,0,0,0.0693052383766522,1,Normal
2026-10-09,14:02:39,Binary: /bin/numastat,21,2,50559.0,0,0,0,0.06940472846665369,1,Normal
2026-10-09,14:02:39,Binary: /bin/numfmt,19,2,50559.0,0,0,0,0.06876428780325416,1,Normal
2026-10-09,14:02:39,Binary: /bin/oakdecode,22,2,50559.0,0,0,0,0.0667943863285716,1,Normal
2026-10-09,14:02:39,Binary: /bin/obexctl,20,2,50559.0,0,0,0,0.0693052383766522,1,Normal
2026-10-09,14:02:39,Binary: /bin/objcopy,20,2,50559.0,0,0,0,0.0693052383766522,1,Normal
2026-10-09,14:02:39,Binary: /bin/objdump,20,2,50559.0,0,0,0,0.0693052383766522,1,Normal
2026-10-09,14:02:39,Binary: /bin/od,15,2,50559.0,0,0,0,0.06165833647536256,1,Normal
2026-10-09,14:02:39,Binary: /bin/oem-getlogs,24,2,50559.0,0,0,0,0.06626534825269947,1,Normal
2026-10-09,14:02:39,Binary: /bin/on_ac_power,24,2,50559.0,0,0,0,0.06626534825269947,1,Normal
2026-10-09,14:02:39,Binary: /bin/oomctl,19,2,50559.0,0,0,0,0.06876428780325416,1,Normal
2026-10-09,14:02:39,Binary: /bin/open,17,2,50559.0,0,0,0,0.06701076811453827,1,Normal
2026-10-09,14:02:40,Binary: /bin/openssl,20,2,50560.0,0,0,0,0.0695157680049448,1,Normal
2026-10-09,14:02:40,Binary: /bin/openvt,19,2,50560.0,0,0,0,0.0689751902812063,1,Normal
2026-10-09,14:02:40,Binary: /bin/opldecode,22,2,50560.0,0,0,0,0.06693947174100756,1,Normal
2026-10-09,14:02:40,Binary: /bin/orca,17,2,50560.0,0,0,0,0.06722287920423986,1,Normal
2026-10-09,14:02:40,Binary: /bin/orca-dm-wrapper,28,2,50560.0,0,0,0,0.04456217246337252,1,Normal
2026-10-09,14:02:40,Binary: /bin/os-prober,22,2,50560.0,0,0,0,0.06693947174100756,1,Normal
2026-10-09,14:02:40,Binary: /bin/p11-kit,20,2,50560.0,0,0,0,0.0695157680049448,1,Normal
2026-10-09,14:02:40,Binary: /bin/pager,18,2,50560.0,0,0,0,0.06824310482744417,1,Normal
2026-10-09,14:02:40,Binary: /bin/paper,18,2,50560.0,0,0,0,0.06824310482744417,1,Normal
2026-10-09,14:02:40,Binary: /bin/paperconf,22,2,50560.0,0,0,0,0.06693947174100756,1,Normal
2026-10-09,14:02:40,Binary: /bin/papers,19,2,50560.0,0,0,0,0.0689751902812063,1,Normal
2026-10-09,14:02:40,Binary: /bin/papers-previewer,29,2,50560.0,0,0,0,0.05827498559616745,1,Normal
2026-10-09,14:02:40,Binary: /bin/papers-thumbnailer,31,2,50560.0,0,0,0,0.05667228071997027,1,Normal
2026-10-09,14:02:40,Binary: /bin/partx,18,2,50560.0,0,0,0,0.06824310482744417,1,Normal
2026-10-09,14:02:40,Binary: /bin/passwd,19,2,50560.0,0,0,0,0.0689751902812063,1,Normal
2026-10-09,14:02:40,Binary: /bin/paste,18,2,50560.0,0,0,0,0.06824310482744417,1,Normal
2026-10-09,14:02:41,Binary: /bin/patch,18,2,50561.0,0,0,0,0.06751221016220371,1,Normal
2026-10-09,14:02:41,Binary: /bin/pathchk,20,2,50561.0,0,0,0,0.068787908094875,1,Normal
2026-10-09,14:02:41,Binary: /bin/pcilmr,19,2,50561.0,0,0,0,0.06824604132540057,1,Normal
2026-10-09,14:02:41,Binary: /bin/pdb3,17,2,50561.0,0,0,0,0.06648955173899401,1,Normal
2026-10-09,14:02:41,Binary: /bin/pdb3.14,20,2,50561.0,0,0,0,0.068787908094875,1,Normal
2026-10-09,14:02:41,Binary: /bin/pdf2dsc,20,2,50561.0,0,0,0,0.068787908094875,1,Normal
2026-10-09,14:02:41,Binary: /bin/pdf2ps,19,2,50561.0,0,0,0,0.06824604132540057,1,Normal
2026-10-09,14:02:41,Binary: /bin/pdfattach,22,2,50561.0,0,0,0,0.0665381326337886,1,Normal
2026-10-09,14:02:41,Binary: /bin/pdfdetach,22,2,50561.0,0,0,0,0.0665381326337886,1,Normal
2026-10-09,14:02:41,Binary: /bin/pdffonts,21,2,50561.0,0,0,0,0.06882080243764932,1,Normal
2026-10-09,14:02:41,Binary: /bin/pdfimages,22,2,50561.0,0,0,0,0.0665381326337886,1,Normal
2026-10-09,14:02:41,Binary: /bin/pdfinfo,20,2,50561.0,0,0,0,0.068787908094875,1,Normal
2026-10-09,14:02:41,Binary: /bin/pdfseparate,24,2,50561.0,0,0,0,0.06575861716466658,1,Normal
2026-10-09,14:02:41,Binary: /bin/pdfsig,19,2,50561.0,0,0,0,0.06824604132540057,1,Normal
2026-10-09,14:02:41,Binary: /bin/pdftocairo,23,2,50561.0,0,0,0,0.06724388008166432,1,Normal
2026-10-09,14:02:41,Binary: /bin/pdftohtml,22,2,50561.0,0,0,0,0.0665381326337886,1,Normal
2026-10-09,14:02:41,Binary: /bin/pdftoppm,21,2,50561.0,0,0,0,0.06882080243764932,1,Normal
2026-10-09,14:02:42,Binary: /bin/pdftops,20,2,50562.0,0,0,0,0.068787908094875,1,Normal
2026-10-09,14:02:42,Binary: /bin/pdftotext,22,2,50562.0,0,0,0,0.0665381326337886,1,Normal
2026-10-09,14:02:42,Binary: /bin/pdfunite,21,2,50562.0,0,0,0,0.06882080243764932,1,Normal
2026-10-09,14:02:42,Binary: /bin/peekfd,19,2,50562.0,0,0,0,0.06824604132540057,1,Normal
2026-10-09,14:02:42,Binary: /bin/perf,17,2,50562.0,0,0,0,0.06648955173899401,1,Normal
2026-10-09,14:02:42,Binary: /bin/perl,17,2,50562.0,0,0,0,0.06648955173899401,1,Normal
2026-10-09,14:02:42,Binary: /bin/perl5.40-x86_64-linux-gnu,38,2,50562.0,0,0,0,0.0012630574005393358,1,Normal
2026-10-09,14:02:42,Binary: /bin/perl5.40.1,23,2,50562.0,0,0,0,0.06724388008166432,1,Normal
2026-10-09,14:02:42,Binary: /bin/perlbug,20,2,50562.0,0,0,0,0.068787908094875,1,Normal
2026-10-09,14:02:42,Binary: /bin/perldoc,20,2,50562.0,0,0,0,0.068787908094875,1,Normal
2026-10-09,14:02:42,Binary: /bin/perli11ndoc,24,2,50562.0,0,0,0,0.06575861716466658,1,Normal
2026-10-09,14:02:42,Binary: /bin/perlivp,20,2,50562.0,0,0,0,0.068787908094875,1,Normal
2026-10-09,14:02:42,Binary: /bin/perlthanks,23,2,50562.0,0,0,0,0.06724388008166432,1,Normal
2026-10-09,14:02:42,Binary: /bin/pf2afm,19,2,50562.0,0,0,0,0.06824604132540057,1,Normal
2026-10-09,14:02:42,Binary: /bin/pfbtopfa,21,2,50562.0,0,0,0,0.06882080243764932,1,Normal
2026-10-09,14:02:42,Binary: /bin/pgrep,18,2,50562.0,0,0,0,0.06751221016220371,1,Normal
2026-10-09,14:02:43,Binary: /bin/pic,16,2,50563.0,0,0,0,0.06276248160887732,1,Normal
2026-10-09,14:02:43,Binary: /bin/pico,17,2,50563.0,0,0,0,0.06640454061027323,1,Normal
2026-10-09,14:02:43,Binary: /bin/piconv,19,2,50563.0,0,0,0,0.06815184544915015,1,Normal
2026-10-09,14:02:43,Binary: /bin/pidof,18,2,50563.0,0,0,0,0.06777390496839364,1,Normal
2026-10-09,14:02:43,Binary: /bin/pidstat,20,2,50563.0,0,0,0,0.06874613826109582,1,Normal
2026-10-09,14:02:43,Binary: /bin/pidwait,20,2,50563.0,0,0,0,0.06874613826109582,1,Normal
2026-10-09,14:02:43,Binary: /bin/pinentry,21,2,50563.0,0,0,0,0.06877903709454875,1,Normal
2026-10-09,14:02:43,Binary: /bin/pinentry-curses,28,2,50563.0,0,0,0,0.05980392753919578,1,Normal
2026-10-09,14:02:43,Binary: /bin/pinentry-gnome3,28,2,50563.0,0,0,0,0.05980392753919578,1,Normal
2026-10-09,14:02:43,Binary: /bin/pinentry-x11,25,2,50563.0,0,0,0,0.06345471957429971,1,Normal
2026-10-09,14:02:43,Binary: /bin/ping,17,2,50563.0,0,0,0,0.06640454061027323,1,Normal
2026-10-09,14:02:43,Binary: /bin/ping4,18,2,50563.0,0,0,0,0.06777390496839364,1,Normal
2026-10-09,14:02:43,Binary: /bin/ping6,18,2,50563.0,0,0,0,0.06777390496839364,1,Normal
2026-10-09,14:02:43,Binary: /bin/pinky,18,2,50563.0,0,0,0,0.06777390496839364,1,Normal
2026-10-09,14:02:43,Binary: /bin/pipewire,21,2,50563.0,0,0,0,0.06877903709454875,1,Normal
2026-10-09,14:02:43,Binary: /bin/pipewire-aes67,27,2,50563.0,0,0,0,0.061557003317686654,1,Normal
2026-10-09,14:02:43,Binary: /bin/pipewire-avb,25,2,50563.0,0,0,0,0.06345471957429971,1,Normal
2026-10-09,14:02:43,Binary: /bin/pipewire-pulse,27,2,50563.0,0,0,0,0.061557003317686654,1,Normal
2026-10-09,14:02:44,Binary: /bin/pkaction,21,2,50564.0,0,0,0,0.06897719315225986,1,Normal
2026-10-09,14:02:44,Binary: /bin/pkcheck,20,2,50564.0,0,0,0,0.06894431562487302,1,Normal
2026-10-09,14:02:44,Binary: /bin/pkexec,19,2,50564.0,0,0,0,0.06835040769107009,1,Normal
2026-10-09,14:02:44,Binary: /bin/pkgcli,19,2,50564.0,0,0,0,0.06835040769107009,1,Normal
2026-10-09,14:02:44,Binary: /bin/pkill,18,2,50564.0,0,0,0,0.06797271197354704,1,Normal
2026-10-09,14:02:44,Binary: /bin/pkttyagent,23,2,50564.0,0,0,0,0.06730824132395641,1,Normal
2026-10-09,14:02:44,Binary: /bin/pl2pm,18,2,50564.0,0,0,0,0.06797271197354704,1,Normal
2026-10-09,14:02:44,Binary: /bin/pldd,17,2,50564.0,0,0,0,0.06660423444831493,1,Normal
2026-10-09,14:02:44,Binary: /bin/plog,17,2,50564.0,0,0,0,0.06660423444831493,1,Normal
2026-10-09,14:02:44,Binary: /bin/plymouth,21,2,50564.0,0,0,0,0.06897719315225986,1,Normal
2026-10-09,14:02:44,Binary: /bin/pmap,17,2,50564.0,0,0,0,0.06660423444831493,1,Normal
2026-10-09,14:02:44,Binary: /bin/pnm2ppa,20,2,50564.0,0,0,0,0.06894431562487302,1,Normal
2026-10-09,14:02:44,Binary: /bin/pod2html,21,2,50564.0,0,0,0,0.06897719315225986,1,Normal
2026-10-09,14:02:44,Binary: /bin/pod2man,20,2,50564.0,0,0,0,0.06894431562487302,1,Normal
2026-10-09,14:02:44,Binary: /bin/pod2text,21,2,50564.0,0,0,0,0.06897719315225986,1,Normal
2026-10-09,14:02:44,Binary: /bin/pod2usage,22,2,50564.0,0,0,0,0.06705264315059323,1,Normal
2026-10-09,14:02:45,Binary: /bin/podchecker,23,2,50565.0,0,0,0,0.06730824132395641,1,Normal
2026-10-09,14:02:45,Binary: /bin/poff,17,2,50565.0,0,0,0,0.06693840659963257,1,Normal
2026-10-09,14:02:45,Binary: /bin/pon,16,2,50565.0,0,0,0,0.06306999222308435,1,Normal
2026-10-09,14:02:45,Binary: /bin/powerprofilesctl,29,2,50565.0,0,0,0,0.05828176797526874,1,Normal
2026-10-09,14:02:45,Binary: /bin/ppdc,17,2,50565.0,0,0,0,0.06693840659963257,1,Normal
2026-10-09,14:02:45,Binary: /bin/ppdhtml,20,2,50565.0,0,0,0,0.0693275384298796,1,Normal
2026-10-09,14:02:45,Binary: /bin/ppdi,17,2,50565.0,0,0,0,0.06693840659963257,1,Normal
2026-10-09,14:02:45,Binary: /bin/ppdmerge,21,2,50565.0,0,0,0,0.06936037475694845,1,Normal
2026-10-09,14:02:45,Binary: /bin/ppdpo,18,2,50565.0,0,0,0,0.06820171338882902,1,Normal
2026-10-09,14:02:45,Binary: /bin/pphs,17,2,50565.0,0,0,0,0.06693840659963257,1,Normal
2026-10-09,14:02:45,Binary: /bin/pr,15,2,50565.0,0,0,0,0.06145677585699527,1,Normal
2026-10-09,14:02:45,Binary: /bin/precat,19,2,50565.0,0,0,0,0.06857912716896847,1,Normal
2026-10-09,14:02:45,Binary: /bin/preconv,20,2,50565.0,0,0,0,0.0693275384298796,1,Normal
2026-10-09,14:02:45,Binary: /bin/preunzip,21,2,50565.0,0,0,0,0.06936037475694845,1,Normal
2026-10-09,14:02:45,Binary: /bin/prezip,19,2,50565.0,0,0,0,0.06857912716896847,1,Normal
2026-10-09,14:02:45,Binary: /bin/prezip-bin,23,2,50565.0,0,0,0,0.0667940535139096,1,Normal
2026-10-09,14:02:45,Binary: /bin/printafm,21,2,50565.0,0,0,0,0.06936037475694845,1,Normal
2026-10-09,14:02:45,Binary: /bin/printenv,21,2,50565.0,0,0,0,0.06936037475694845,1,Normal
2026-10-09,14:02:46,Binary: /bin/printer-profile,28,2,50566.0,0,0,0,0.039750737322329255,1,Normal
2026-10-09,14:02:46,Binary: /bin/printf,19,2,50566.0,0,0,0,0.06857912716896847,1,Normal
2026-10-09,14:02:46,Binary: /bin/prlimit,20,2,50566.0,0,0,0,0.0693275384298796,1,Normal
2026-10-09,14:02:46,Binary: /bin/pro,16,2,50566.0,0,0,0,0.06271899288993854,1,Normal
2026-10-09,14:02:46,Binary: /bin/prove,18,2,50566.0,0,0,0,0.06757465396098494,1,Normal
2026-10-09,14:02:46,Binary: /bin/prtstat,20,2,50566.0,0,0,0,0.0693275384298796,1,Normal
2026-10-09,14:02:46,Binary: /bin/ps,15,2,50566.0,0,0,0,0.06110395981356309,1,Normal
2026-10-09,14:02:46,Binary: /bin/ps2ascii,21,2,50566.0,0,0,0,0.06936037475694845,1,Normal
2026-10-09,14:02:46,Binary: /bin/ps2epsi,20,2,50566.0,0,0,0,0.0693275384298796,1,Normal
2026-10-09,14:02:46,Binary: /bin/ps2pdf,19,2,50566.0,0,0,0,0.06857912716896847,1,Normal
2026-10-09,14:02:46,Binary: /bin/ps2pdf12,21,2,50566.0,0,0,0,0.06936037475694845,1,Normal
2026-10-09,14:02:46,Binary: /bin/ps2pdf13,21,2,50566.0,0,0,0,0.06936037475694845,1,Normal
2026-10-09,14:02:46,Binary: /bin/ps2pdf14,21,2,50566.0,0,0,0,0.06936037475694845,1,Normal
2026-10-09,14:02:46,Binary: /bin/ps2pdfwr,21,2,50566.0,0,0,0,0.06936037475694845,1,Normal
2026-10-09,14:02:46,Binary: /bin/ps2ps,18,2,50566.0,0,0,0,0.06757465396098494,1,Normal
2026-10-09,14:02:46,Binary: /bin/ps2ps2,19,2,50566.0,0,0,0,0.06857912716896847,1,Normal
2026-10-09,14:02:47,Binary: /bin/ps2txt,19,2,50567.0,0,0,0,0.06814863855980102,1,Normal
2026-10-09,14:02:47,Binary: /bin/psfaddtable,24,2,50567.0,0,0,0,0.0657342708818291,1,Normal
2026-10-09,14:02:47,Binary: /bin/psfgettable,24,2,50567.0,0,0,0,0.0657342708818291,1,Normal
2026-10-09,14:02:47,Binary: /bin/psfstriptable,26,2,50567.0,0,0,0,0.06276233686719501,1,Normal
2026-10-09,14:02:47,Binary: /bin/psfxtable,22,2,50567.0,0,0,0,0.06721313496856712,1,Normal
2026-10-09,14:02:47,Binary: /bin/psicc,18,2,50567.0,0,0,0,0.06773487350614293,1,Normal
2026-10-09,14:02:47,Binary: /bin/pslog,18,2,50567.0,0,0,0,0.06773487350614293,1,Normal
2026-10-09,14:02:47,Binary: /bin/pstree,19,2,50567.0,0,0,0,0.06814863855980102,1,Normal
2026-10-09,14:02:47,Binary: /bin/pstree.x11,23,2,50567.0,0,0,0,0.06692248487130131,1,Normal
2026-10-09,14:02:47,Binary: /bin/ptar,17,2,50567.0,0,0,0,0.06630876304226613,1,Normal
2026-10-09,14:02:47,Binary: /bin/ptardiff,21,2,50567.0,0,0,0,0.0688383753503104,1,Normal
2026-10-09,14:02:47,Binary: /bin/ptargrep,21,2,50567.0,0,0,0,0.0688383753503104,1,Normal
2026-10-09,14:02:47,Binary: /bin/ptx,16,2,50567.0,0,0,0,0.06271899288993854,1,Normal
2026-10-09,14:02:47,Binary: /bin/ptyxis,19,2,50567.0,0,0,0,0.06814863855980102,1,Normal
2026-10-09,14:02:47,Binary: /bin/pw-cat,19,2,50567.0,0,0,0,0.028386725169684546,1,Normal
2026-10-09,14:02:47,Binary: /bin/pw-cli,19,2,50567.0,0,0,0,0.0435272731951285,1,Normal
2026-10-09,14:02:47,Binary: /bin/pw-config,22,2,50567.0,0,0,0,0.04370267562429914,1,Normal
2026-10-09,14:02:47,Binary: /bin/pw-container,25,2,50567.0,0,0,0,0.04453205276913924,1,Normal
2026-10-09,14:02:47,Binary: /bin/pw-dot,19,2,50567.0,0,0,0,0.0435272731951285,1,Normal
2026-10-09,14:02:48,Binary: /bin/pw-dsdplay,23,2,50568.0,0,0,0,0.04519449484828264,1,Normal
2026-10-09,14:02:48,Binary: /bin/pw-dump,20,2,50568.0,0,0,0,0.030678810863145056,1,Normal
2026-10-09,14:02:48,Binary: /bin/pw-encplay,23,2,50568.0,0,0,0,0.04519449484828264,1,Normal
2026-10-09,14:02:48,Binary: /bin/pw-link,20,2,50568.0,0,0,0,0.043751300246751834,1,Normal
2026-10-09,14:02:48,Binary: /bin/pw-loopback,24,2,50568.0,0,0,0,0.04486701730639009,1,Normal
2026-10-09,14:02:48,Binary: /bin/pw-metadata,24,2,50568.0,0,0,0,0.04486701730639009,1,Normal
2026-10-09,14:02:48,Binary: /bin/pw-midi2play,25,2,50568.0,0,0,0,0.044643745389088774,1,Normal
2026-10-09,14:02:48,Binary: /bin/pw-midi2record,27,2,50568.0,0,0,0,0.04397156175822742,1,Normal
2026-10-09,14:02:48,Binary: /bin/pw-mididump,24,2,50568.0,0,0,0,0.04486701730639009,1,Normal
2026-10-09,14:02:48,Binary: /bin/pw-midiplay,24,2,50568.0,0,0,0,0.04486701730639009,1,Normal
2026-10-09,14:02:48,Binary: /bin/pw-midirecord,26,2,50568.0,0,0,0,0.0442853695347557,1,Normal
2026-10-09,14:02:48,Binary: /bin/pw-mon,19,2,50568.0,0,0,0,0.04363930566764462,1,Normal
2026-10-09,14:02:48,Binary: /bin/pw-play,20,2,50568.0,0,0,0,0.043751300246751834,1,Normal
2026-10-09,14:02:48,Binary: /bin/pw-profiler,24,2,50568.0,0,0,0,0.04486701730639009,1,Normal
2026-10-09,14:02:48,Binary: /bin/pw-record,22,2,50568.0,0,0,0,0.043814648769409215,1,Normal
2026-10-09,14:02:48,Binary: /bin/pw-reserve,23,2,50568.0,0,0,0,0.04519449484828264,1,Normal
2026-10-09,14:02:48,Binary: /bin/pw-sysex,21,2,50568.0,0,0,0,0.043751300246751834,1,Normal
2026-10-09,14:02:48,Binary: /bin/pw-top,19,2,50568.0,0,0,0,0.04363930566764462,1,Normal
2026-10-09,14:02:49,Binary: /bin/pwd,16,2,50569.0,0,0,0,0.06257191818949975,1,Normal
2026-10-09,14:02:49,Binary: /bin/pwdx,17,2,50569.0,0,0,0,0.06616338035047115,1,Normal
2026-10-09,14:02:49,Binary: /bin/py3clean,21,2,50569.0,0,0,0,0.06869418497047658,1,Normal
2026-10-09,14:02:49,Binary: /bin/py3compile,23,2,50569.0,0,0,0,0.06662115106714517,1,Normal
2026-10-09,14:02:49,Binary: /bin/py3versions,24,2,50569.0,0,0,0,0.06557750130703599,1,Normal
2026-10-09,14:02:49,Binary: /bin/pybabel,20,2,50569.0,0,0,0,0.06866127701358338,1,Normal
2026-10-09,14:02:49,Binary: /bin/pybabel-python3,28,2,50569.0,0,0,0,0.06011435422455541,1,Normal
2026-10-09,14:02:49,Binary: /bin/pydoc3,19,2,50569.0,0,0,0,0.06800412307820253,1,Normal
2026-10-09,14:02:49,Binary: /bin/pydoc3.14,22,2,50569.0,0,0,0,0.06704659079503006,1,Normal
2026-10-09,14:02:49,Binary: /bin/pygettext3,23,2,50569.0,0,0,0,0.06662115106714517,1,Normal
2026-10-09,14:02:49,Binary: /bin/pygettext3.14,26,2,50569.0,0,0,0,0.06278422518741555,1,Normal
2026-10-09,14:02:49,Binary: /bin/pygmentize,23,2,50569.0,0,0,0,0.06662115106714517,1,Normal
2026-10-09,14:02:49,Binary: /bin/pyserial-miniterm,30,2,50569.0,0,0,0,0.05838880994733153,1,Normal
2026-10-09,14:02:49,Binary: /bin/pyserial-ports,27,2,50569.0,0,0,0,0.06175983653603484,1,Normal
2026-10-09,14:02:49,Binary: /bin/python3,20,2,50569.0,0,0,0,0.06866127701358338,1,Normal
2026-10-09,14:02:49,Binary: /bin/python3.14,23,2,50569.0,0,0,0,0.06662115106714517,1,Normal
2026-10-09,14:02:49,Binary: /bin/pzstd,18,2,50569.0,0,0,0,0.0675901629997886,1,Normal
2026-10-09,14:02:49,Binary: /bin/qmi-firmware-update,32,2,50569.0,0,0,0,0.05593342476985458,1,Normal
2026-10-09,14:02:50,Binary: /bin/qmi-network,24,2,50570.0,0,0,0,0.0646575831038741,1,Normal
2026-10-09,14:02:50,Binary: /bin/qmicli,19,2,50570.0,0,0,0,0.06771680739498853,1,Normal
2026-10-09,14:02:50,Binary: /bin/qpdldecode,23,2,50570.0,0,0,0,0.06605197932300083,1,Normal
2026-10-09,14:02:50,Binary: /bin/quirks-handler,27,2,50570.0,0,0,0,0.061113867257808985,1,Normal
2026-10-09,14:02:50,Binary: /bin/ranlib,19,2,50570.0,0,0,0,0.05147484338556091,1,Normal
2026-10-09,14:02:50,Binary: /bin/rbash,18,2,50570.0,0,0,0,0.06713660928576565,1,Normal
2026-10-09,14:02:50,Binary: /bin/rctest,19,2,50570.0,0,0,1,0.03372705615608246,1,Normal
2026-10-09,14:02:50,Binary: /bin/rdma,17,2,50570.0,0,0,0,0.06570771986334073,1,Normal
2026-10-09,14:02:50,Binary: /bin/readelf,20,2,50570.0,0,0,0,0.06787900491110194,1,Normal
2026-10-09,14:02:50,Binary: /bin/readlink,21,2,50570.0,0,0,0,0.0681288424702951,1,Normal
2026-10-09,14:02:50,Binary: /bin/realpath,21,2,50570.0,0,0,0,0.0681288424702951,1,Normal
2026-10-09,14:02:50,Binary: /bin/red,16,2,50570.0,0,0,0,0.06211095458496724,1,Normal
2026-10-09,14:02:50,Binary: /bin/renice,19,2,50570.0,0,0,0,0.06771680739498853,1,Normal
2026-10-09,14:02:50,Binary: /bin/reset,18,2,50570.0,0,0,0,0.06713660928576565,1,Normal
2026-10-09,14:02:50,Binary: /bin/resizecons,23,2,50570.0,0,0,0,0.06605197932300083,1,Normal
2026-10-09,14:02:50,Binary: /bin/resolvectl,23,2,50570.0,0,0,0,0.06605197932300083,1,Normal
2026-10-09,14:02:51,Binary: /bin/resources,22,2,50571.0,0,0,0,0.06647820490996259,1,Normal
2026-10-09,14:02:51,Binary: /bin/rev,16,2,50571.0,0,0,0,0.062306733075792875,1,Normal
2026-10-09,14:02:51,Binary: /bin/rfcomm,19,2,50571.0,0,0,0,0.06771680739498853,1,Normal
2026-10-09,14:02:51,Binary: /bin/rgrep,18,2,50571.0,0,0,0,0.06713660928576565,1,Normal
2026-10-09,14:02:51,Binary: /bin/rm,15,2,50571.0,0,0,0,0.06068956621574806,1,Normal
2026-10-09,14:02:51,Binary: /bin/rmdir,18,2,50571.0,0,0,0,0.06713660928576565,1,Normal
2026-10-09,14:02:51,Binary: /bin/rnano,18,2,50571.0,0,0,0,0.06713660928576565,1,Normal
2026-10-09,14:02:51,Binary: /bin/routel,19,2,50571.0,0,0,0,0.06771680739498853,1,Normal
2026-10-09,14:02:51,Binary: /bin/rpcgen,19,2,50571.0,0,0,0,0.06771680739498853,1,Normal
2026-10-09,14:02:51,Binary: /bin/rrsync,19,2,50571.0,0,0,0,0.06771680739498853,1,Normal
2026-10-09,14:02:51,Binary: /bin/rsync,18,2,50571.0,0,0,0,0.06713660928576565,1,Normal
2026-10-09,14:02:51,Binary: /bin/rsync-ssl,22,2,50571.0,0,0,0,0.06647820490996259,1,Normal
2026-10-09,14:02:51,Binary: /bin/rtla,17,2,50571.0,0,0,0,0.06570771986334073,1,Normal
2026-10-09,14:02:51,Binary: /bin/rtstat,19,2,50571.0,0,0,0,0.06771680739498853,1,Normal
2026-10-09,14:02:51,Binary: /bin/run-parts,22,2,50571.0,0,0,0,0.052730002534278786,1,Normal
2026-10-09,14:02:51,Binary: /bin/run-with-aspell,28,2,50571.0,0,0,0,0.052825763667648074,1,Normal
2026-10-09,14:02:51,Binary: /bin/run0,17,2,50571.0,0,0,0,0.06570771986334073,1,Normal
2026-10-09,14:02:51,Binary: /bin/runcon,19,2,50571.0,0,0,0,0.06771680739498853,1,Normal
2026-10-09,14:02:51,Binary: /bin/rview,18,2,50571.0,0,0,0,0.06713660928576565,1,Normal
2026-10-09,14:02:51,Binary: /bin/rygel,18,2,50571.0,0,0,0,0.06713660928576565,1,Normal
2026-10-09,14:02:51,Binary: /bin/sadf,17,2,50571.0,0,0,0,0.06570771986334073,1,Normal
2026-10-09,14:02:51,Binary: /bin/sane-find-scanner,30,2,50571.0,0,0,0,0.057843110005373455,1,Normal
2026-10-09,14:02:51,Binary: /bin/sar,16,2,50571.0,0,0,0,0.062306733075792875,1,Normal
2026-10-09,14:02:52,Binary: /bin/sar.sysstat,24,2,50572.0,0,0,0,0.0641397997442445,1,Normal
2026-10-09,14:02:52,Binary: /bin/savelog,20,2,50572.0,0,0,0,0.06682221422316731,1,Normal
2026-10-09,14:02:52,Binary: /bin/sbattach,21,2,50572.0,0,0,0,0.0670729121548353,1,Normal
2026-10-09,14:02:52,Binary: /bin/sbkeysync,22,2,50572.0,0,0,0,0.06578164441590767,1,Normal
2026-10-09,14:02:52,Binary: /bin/sbsiglist,22,2,50572.0,0,0,0,0.06578164441590767,1,Normal
2026-10-09,14:02:52,Binary: /bin/sbsign,19,2,50572.0,0,0,0,0.06665945814300611,1,Normal
2026-10-09,14:02:52,Binary: /bin/sbvarsign,22,2,50572.0,0,0,0,0.06578164441590767,1,Normal
2026-10-09,14:02:52,Binary: /bin/sbverify,21,2,50572.0,0,0,0,0.0670729121548353,1,Normal
2026-10-09,14:02:52,Binary: /bin/scanimage,22,2,50572.0,0,0,0,0.06578164441590767,1,Normal
2026-10-09,14:02:52,Binary: /bin/scp,16,2,50572.0,0,0,0,0.06251069879533244,1,Normal
2026-10-09,14:02:52,Binary: /bin/scp-dbus-service,29,2,50572.0,0,0,0,0.026014047346501257,1,Normal
2026-10-09,14:02:52,Binary: /bin/screen,19,2,50572.0,0,0,0,0.06665945814300611,1,Normal
2026-10-09,14:02:52,Binary: /bin/screendump,23,2,50572.0,0,0,0,0.06538250240256777,1,Normal
2026-10-09,14:02:52,Binary: /bin/script,19,2,50572.0,0,0,0,0.06665945814300611,1,Normal
2026-10-09,14:02:52,Binary: /bin/scriptlive,23,2,50572.0,0,0,0,0.06538250240256777,1,Normal
2026-10-09,14:02:53,Binary: /bin/scriptreplay,25,2,50573.0,0,0,0,0.06258342300146558,1,Normal
2026-10-09,14:02:53,Binary: /bin/sdiff,18,2,50573.0,0,0,0,0.06597815512399163,1,Normal
2026-10-09,14:02:53,Binary: /bin/sdptool,20,2,50573.0,0,0,0,0.06693791220838885,1,Normal
2026-10-09,14:02:53,Binary: /bin/seahorse,21,2,50573.0,0,0,0,0.06718851594603809,1,Normal
2026-10-09,14:02:53,Binary: /bin/sed,16,2,50573.0,0,0,0,0.06310355847162807,1,Normal
2026-10-09,14:02:53,Binary: /bin/select-default-iwrap,33,2,50573.0,0,0,0,0.03723514756887858,1,Normal
2026-10-09,14:02:53,Binary: /bin/select-editor,26,2,50573.0,0,0,0,0.05730290407011018,1,Normal
2026-10-09,14:02:53,Binary: /bin/sensible-browser,29,2,50573.0,0,0,0,0.057940273206402604,1,Normal
2026-10-09,14:02:53,Binary: /bin/sensible-editor,28,2,50573.0,0,0,0,0.05710893259169797,1,Normal
2026-10-09,14:02:53,Binary: /bin/sensible-pager,27,2,50573.0,0,0,0,0.06115001980488777,1,Normal
2026-10-09,14:02:53,Binary: /bin/sensible-terminal,30,2,50573.0,0,0,0,0.057918045025420306,1,Normal
2026-10-09,14:02:53,Binary: /bin/seq,16,2,50573.0,0,0,0,0.06310355847162807,1,Normal
2026-10-09,14:02:53,Binary: /bin/sessreg,20,2,50573.0,0,0,0,0.06693791220838885,1,Normal
2026-10-09,14:02:53,Binary: /bin/setarch,20,2,50573.0,0,0,0,0.06693791220838885,1,Normal
2026-10-09,14:02:53,Binary: /bin/setfacl,20,2,50573.0,0,0,0,0.06693791220838885,1,Normal
2026-10-09,14:02:54,Binary: /bin/setfont,20,2,50574.0,0,0,0,0.06750146638159871,1,Normal
2026-10-09,14:02:54,Binary: /bin/setkeycodes,24,2,50574.0,0,0,0,0.06489537613460405,1,Normal
2026-10-09,14:02:54,Binary: /bin/setleds,20,2,50574.0,0,0,0,0.06750146638159871,1,Normal
2026-10-09,14:02:54,Binary: /bin/setlogcons,23,2,50574.0,0,0,0,0.06613505588034291,1,Normal
2026-10-09,14:02:54,Binary: /bin/setmetamode,24,2,50574.0,0,0,0,0.06489537613460405,1,Normal
2026-10-09,14:02:54,Binary: /bin/setpci,19,2,50574.0,0,0,0,0.06718905257181135,1,Normal
2026-10-09,14:02:54,Binary: /bin/setpriv,20,2,50574.0,0,0,0,0.06750146638159871,1,Normal
2026-10-09,14:02:54,Binary: /bin/setsid,19,2,50574.0,0,0,0,0.06718905257181135,1,Normal
2026-10-09,14:02:54,Binary: /bin/setterm,20,2,50574.0,0,0,0,0.06750146638159871,1,Normal
2026-10-09,14:02:54,Binary: /bin/setupcon,21,2,50574.0,0,0,0,0.06775161130890428,1,Normal
2026-10-09,14:02:54,Binary: /bin/setxkbmap,22,2,50574.0,0,0,0,0.06646319192491884,1,Normal
2026-10-09,14:02:54,Binary: /bin/sftp,17,2,50574.0,0,0,0,0.06469881351912349,1,Normal
2026-10-09,14:02:54,Binary: /bin/sh,15,2,50574.0,0,0,0,0.061661748855392495,1,Normal
2026-10-09,14:02:54,Binary: /bin/sha1sum,20,2,50574.0,0,0,0,0.06750146638159871,1,Normal
2026-10-09,14:02:54,Binary: /bin/sha224sum,22,2,50574.0,0,0,0,0.06646319192491884,1,Normal
2026-10-09,14:02:54,Binary: /bin/sha256sum,22,2,50574.0,0,0,0,0.06646319192491884,1,Normal
2026-10-09,14:02:55,Binary: /bin/sha3-224sum,24,2,50575.0,0,0,0,0.06455021095682678,1,Normal
2026-10-09,14:02:55,Binary: /bin/sha3-256sum,24,2,50575.0,0,0,0,0.06455021095682678,1,Normal
2026-10-09,14:02:55,Binary: /bin/sha3-384sum,24,2,50575.0,0,0,0,0.06455021095682678,1,Normal
2026-10-09,14:02:55,Binary: /bin/sha3-512sum,24,2,50575.0,0,0,0,0.06455021095682678,1,Normal
2026-10-09,14:02:55,Binary: /bin/sha384sum,22,2,50575.0,0,0,0,0.06606764304331714,1,Normal
2026-10-09,14:02:55,Binary: /bin/sha3sum,20,2,50575.0,0,0,0,0.06710724964976311,1,Normal
2026-10-09,14:02:55,Binary: /bin/sha512sum,22,2,50575.0,0,0,0,0.06606764304331714,1,Normal
2026-10-09,14:02:55,Binary: /bin/shake128sum,24,2,50575.0,0,0,0,0.06455021095682678,1,Normal
2026-10-09,14:02:55,Binary: /bin/shake256sum,24,2,50575.0,0,0,0,0.06455021095682678,1,Normal
2026-10-09,14:02:55,Binary: /bin/shasum,19,2,50575.0,0,0,0,0.06679443499992721,1,Normal
2026-10-09,14:02:55,Binary: /bin/showconsolefont,28,2,50575.0,0,0,0,0.06040736009569253,1,Normal
2026-10-09,14:02:55,Binary: /bin/showkey,20,2,50575.0,0,0,0,0.06710724964976311,1,Normal
2026-10-09,14:02:55,Binary: /bin/showrgb,20,2,50575.0,0,0,0,0.06710724964976311,1,Normal
2026-10-09,14:02:55,Binary: /bin/shred,18,2,50575.0,0,0,0,0.06630450084281159,1,Normal
2026-10-09,14:02:55,Binary: /bin/shuf,17,2,50575.0,0,0,0,0.06430100086587115,1,Normal
2026-10-09,14:02:55,Binary: /bin/size,17,2,50575.0,0,0,0,0.06430100086587115,1,Normal
2026-10-09,14:02:56,Binary: /bin/skill,18,2,50576.0,0,0,0,0.06630450084281159,1,Normal
2026-10-09,14:02:56,Binary: /bin/slabtop,20,2,50576.0,0,0,0,0.06710724964976311,1,Normal
2026-10-09,14:02:56,Binary: /bin/sleep,18,2,50576.0,0,0,0,0.06630450084281159,1,Normal
2026-10-09,14:02:56,Binary: /bin/slxdecode,22,2,50576.0,0,0,0,0.06606764304331714,1,Normal
2026-10-09,14:02:56,Binary: /bin/snap,17,2,50576.0,0,0,0,0.06414350417309844,1,Normal
2026-10-09,14:02:56,Binary: /bin/snapctl,20,2,50576.0,0,0,0,0.06710724964976311,1,Normal
2026-10-09,14:02:56,Binary: /bin/snapfuse,21,2,50576.0,0,0,0,0.06735771552352388,1,Normal
2026-10-09,14:02:56,Binary: /bin/snice,18,2,50576.0,0,0,0,0.06630450084281159,1,Normal
2026-10-09,14:02:56,Binary: /bin/soelim,19,2,50576.0,0,0,0,0.06679443499992721,1,Normal
2026-10-09,14:02:56,Binary: /bin/sort,17,2,50576.0,0,0,0,0.06414350417309844,1,Normal
2026-10-09,14:02:56,Binary: /bin/spa-acp-tool,25,2,50576.0,0,0,0,0.049198219179338865,1,Normal
2026-10-09,14:02:56,Binary: /bin/spa-inspect,24,2,50576.0,0,0,0,0.06455021095682678,1,Normal
2026-10-09,14:02:56,Binary: /bin/spa-json-dump,26,2,50576.0,0,0,0,0.051876195922702206,1,Normal
2026-10-09,14:02:56,Binary: /bin/spa-monitor,24,2,50576.0,0,0,0,0.06455021095682678,1,Normal
2026-10-09,14:02:56,Binary: /bin/spa-resample,25,2,50576.0,0,0,0,0.06271715779805576,1,Normal
2026-10-09,14:02:57,Binary: /bin/spd-conf,21,2,50577.0,0,0,0,0.06764189489800088,1,Normal
2026-10-09,14:02:57,Binary: /bin/spd-say,20,2,50577.0,0,0,0,0.06739166057371654,1,Normal
2026-10-09,14:02:57,Binary: /bin/spdsend,20,2,50577.0,0,0,0,0.06739166057371654,1,Normal
2026-10-09,14:02:57,Binary: /bin/speaker-test,25,2,50577.0,0,0,1,0.017475198002042502,1,Normal
2026-10-09,14:02:57,Binary: /bin/speech-dispatcher,30,2,50577.0,0,0,0,0.058053778489606356,1,Normal
2026-10-09,14:02:57,Binary: /bin/spice-vdagent,26,2,50577.0,0,0,0,0.06237840294187513,1,Normal
2026-10-09,14:02:57,Binary: /bin/splain,19,2,50577.0,0,0,0,0.06707913511325131,1,Normal
2026-10-09,14:02:57,Binary: /bin/split,18,2,50577.0,0,0,0,0.06658965388808952,1,Normal
2026-10-09,14:02:57,Binary: /bin/splitfont,22,2,50577.0,0,0,0,0.06635301505774499,1,Normal
2026-10-09,14:02:57,Binary: /bin/sqfscat,20,2,50577.0,0,0,0,0.06739166057371654,1,Normal
2026-10-09,14:02:57,Binary: /bin/sqfstar,20,2,50577.0,0,0,0,0.06739166057371654,1,Normal
2026-10-09,14:02:57,Binary: /bin/ss,15,2,50577.0,0,0,0,0.0615498560449505,1,Normal
2026-10-09,14:02:57,Binary: /bin/ssh,16,2,50577.0,0,0,0,0.046368709082109605,1,Normal
2026-10-09,14:02:57,Binary: /bin/ssh-add,20,2,50577.0,0,0,0,0.047668198375136306,1,Normal
2026-10-09,14:02:57,Binary: /bin/ssh-agent,22,2,50577.0,0,0,0,0.03690375975894866,1,Normal
2026-10-09,14:02:57,Binary: /bin/ssh-argv0,22,2,50577.0,0,0,0,0.0476201491504768,1,Normal
2026-10-09,14:02:58,Binary: /bin/ssh-copy-id,24,2,50578.0,0,0,0,0.04064386644390244,1,Normal
2026-10-09,14:02:58,Binary: /bin/ssh-keygen,23,2,50578.0,0,0,0,0.04874612443400789,1,Normal
2026-10-09,14:02:58,Binary: /bin/ssh-keyscan,24,2,50578.0,0,0,0,0.048620011939219776,1,Normal
2026-10-09,14:02:58,Binary: /bin/sss_ssh_authorizedkeys,35,2,50578.0,0,0,0,0.055555936439569076,1,Normal
2026-10-09,14:02:58,Binary: /bin/sss_ssh_knownhosts,31,2,50578.0,0,0,0,0.05775188768127126,1,Normal
2026-10-09,14:02:58,Binary: /bin/sss_ssh_knownhostsproxy,36,2,50578.0,0,0,0,0.05533989894575625,1,Normal
2026-10-09,14:02:58,Binary: /bin/stat,17,2,50578.0,0,0,0,0.06475750836788491,1,Normal
2026-10-09,14:02:58,Binary: /bin/static-sh,22,2,50578.0,0,0,0,0.0666778436549697,1,Normal
2026-10-09,14:02:58,Binary: /bin/stdbuf,19,2,50578.0,0,0,0,0.06740319890985796,1,Normal
2026-10-09,14:02:58,Binary: /bin/strace,19,2,50578.0,0,0,0,0.06740319890985796,1,Normal
2026-10-09,14:02:58,Binary: /bin/strace-log-merge,29,2,50578.0,0,0,0,0.05908978125365277,1,Normal
2026-10-09,14:02:58,Binary: /bin/streamzip,22,2,50578.0,0,0,0,0.0666778436549697,1,Normal
2026-10-09,14:02:58,Binary: /bin/strings,20,2,50578.0,0,0,0,0.06771539519656816,1,Normal
2026-10-09,14:02:58,Binary: /bin/strip,18,2,50578.0,0,0,0,0.06691423324068546,1,Normal
2026-10-09,14:02:58,Binary: /bin/stty,17,2,50578.0,0,0,0,0.06475750836788491,1,Normal
2026-10-09,14:02:58,Binary: /bin/su,15,2,50578.0,0,0,0,0.0618797436664425,1,Normal
2026-10-09,14:02:59,Binary: /bin/su-rs,18,2,50579.0,0,0,0,0.05529544109542256,1,Normal
2026-10-09,14:02:59,Binary: /bin/su-to-root,23,2,50579.0,0,0,0,0.06624558775835704,1,Normal
2026-10-09,14:02:59,Binary: /bin/sudo,17,2,50579.0,0,0,0,0.06107700153526696,1,Normal
2026-10-09,14:02:59,Binary: /bin/sudo-rs,20,2,50579.0,0,0,0,0.04844823417594385,1,Normal
2026-10-09,14:02:59,Binary: /bin/sudo.ws,20,2,50579.0,0,0,0,0.062423963551078376,1,Normal
2026-10-09,14:02:59,Binary: /bin/sudoedit,21,2,50579.0,0,0,0,0.067965365956495,1,Normal
2026-10-09,14:02:59,Binary: /bin/sudoedit-rs,24,2,50579.0,0,0,0,0.056448973442299266,1,Normal
2026-10-09,14:02:59,Binary: /bin/sudoreplay.ws,26,2,50579.0,0,0,0,0.0631232083596383,1,Normal
2026-10-09,14:02:59,Binary: /bin/sum,16,2,50579.0,0,0,0,0.06353733835635328,1,Normal
2026-10-09,14:02:59,Binary: /bin/switcherooctl,26,2,50579.0,0,0,0,0.0631232083596383,1,Normal
2026-10-09,14:02:59,Binary: /bin/sync,17,2,50579.0,0,0,0,0.06475750836788491,1,Normal
2026-10-09,14:02:59,Binary: /bin/sysprof,20,2,50579.0,0,0,0,0.06771539519656816,1,Normal
2026-10-09,14:02:59,Binary: /bin/sysprof-agent,26,2,50579.0,0,0,0,0.05491699468685979,1,Normal
2026-10-09,14:02:59,Binary: /bin/sysprof-cat,24,2,50579.0,0,0,0,0.04943574158407732,1,Normal
2026-10-09,14:02:59,Binary: /bin/sysprof-cli,24,2,50579.0,0,0,0,0.06516341118518082,1,Normal
2026-10-09,14:02:59,Binary: /bin/systemctl,22,2,50579.0,0,0,0,0.0666778436549697,1,Normal
2026-10-09,14:03:00,Binary: /bin/systemd-ac-power,29,2,50580.0,0,0,0,0.047926475523197176,1,Normal
2026-10-09,14:03:00,Binary: /bin/systemd-analyze,28,2,50580.0,0,0,0,0.048147527141410296,1,Normal
2026-10-09,14:03:00,Binary: /bin/systemd-ask-password,33,2,50580.0,0,0,0,0.047617569984625185,1,Normal
2026-10-09,14:03:00,Binary: /bin/systemd-cat,24,2,50580.0,0,0,0,0.03737346561487509,1,Normal
2026-10-09,14:03:00,Binary: /bin/systemd-cgls,25,2,50580.0,0,0,0,0.04788205590241623,1,Normal
2026-10-09,14:03:00,Binary: /bin/systemd-cgtop,26,2,50580.0,0,0,0,0.048236531328612886,1,Normal
2026-10-09,14:03:00,Binary: /bin/systemd-confext,28,2,50580.0,0,0,0,0.048147527141410296,1,Normal
2026-10-09,14:03:00,Binary: /bin/systemd-creds,26,2,50580.0,0,0,0,0.048236531328612886,1,Normal
2026-10-09,14:03:00,Binary: /bin/systemd-cryptenroll,32,2,50580.0,0,0,0,0.047728218971750114,1,Normal
2026-10-09,14:03:00,Binary: /bin/systemd-cryptsetup,31,2,50580.0,0,0,0,0.04794940468226527,1,Normal
2026-10-09,14:03:00,Binary: /bin/systemd-delta,26,2,50580.0,0,0,0,0.048236531328612886,1,Normal
2026-10-09,14:03:00,Binary: /bin/systemd-detect-virt,32,2,50580.0,0,0,0,0.047728218971750114,1,Normal
2026-10-09,14:03:00,Binary: /bin/systemd-escape,27,2,50580.0,0,0,0,0.04825799687797672,1,Normal
2026-10-09,14:03:00,Binary: /bin/systemd-firstboot,30,2,50580.0,0,0,0,0.047926475523197176,1,Normal
2026-10-09,14:03:00,Binary: /bin/systemd-hwdb,25,2,50580.0,0,0,0,0.04788205590241623,1,Normal
2026-10-09,14:03:00,Binary: /bin/systemd-id128,26,2,50580.0,0,0,0,0.048236531328612886,1,Normal
2026-10-09,14:03:00,Binary: /bin/systemd-inhibit,28,2,50580.0,0,0,0,0.048147527141410296,1,Normal
2026-10-09,14:03:00,Binary: /bin/systemd-machine-id-setup,37,2,50580.0,0,0,0,0.02499201390593464,1,Normal
2026-10-09,14:03:00,Binary: /bin/systemd-mount,26,2,50580.0,0,0,0,0.03326306273623353,1,Normal
2026-10-09,14:03:01,Binary: /bin/systemd-mute-console,33,2,50581.0,0,0,0,0.047201191047638924,1,Normal
2026-10-09,14:03:01,Binary: /bin/systemd-notify,27,2,50581.0,0,0,0,0.047510489761994235,1,Normal
2026-10-09,14:03:01,Binary: /bin/systemd-path,25,2,50581.0,0,0,0,0.04759966755002493,1,Normal
2026-10-09,14:03:01,Binary: /bin/systemd-pty-forward,32,2,50581.0,0,0,0,0.04731198086908622,1,Normal
2026-10-09,14:03:01,Binary: /bin/systemd-run,24,2,50581.0,0,0,0,0.0387890915227872,1,Normal
2026-10-09,14:03:01,Binary: /bin/systemd-socket-activate,36,2,50581.0,0,0,0,0.04595486442443847,1,Normal
2026-10-09,14:03:01,Binary: /bin/systemd-stdio-bridge,33,2,50581.0,0,0,0,0.047201191047638924,1,Normal
2026-10-09,14:03:01,Binary: /bin/systemd-sysext,27,2,50581.0,0,0,0,0.047510489761994235,1,Normal
2026-10-09,14:03:01,Binary: /bin/systemd-sysusers,29,2,50581.0,0,0,0,0.04739976710610727,1,Normal
2026-10-09,14:03:01,Binary: /bin/systemd-tmpfiles,29,2,50581.0,0,0,0,0.04739976710610727,1,Normal
2026-10-09,14:03:01,Binary: /bin/systemd-tty-ask-password-agent,43,2,50581.0,0,0,0,0.03887089096402685,1,Normal
2026-10-09,14:03:01,Binary: /bin/systemd-umount,27,2,50581.0,0,0,0,0.047510489761994235,1,Normal
2026-10-09,14:03:01,Binary: /bin/systemd-vpick,26,2,50581.0,0,0,0,0.04771032259239677,1,Normal
2026-10-09,14:03:01,Binary: /bin/tabs,17,2,50581.0,0,0,0,0.06462986413687305,1,Normal
2026-10-09,14:03:01,Binary: /bin/tac,16,2,50581.0,0,0,0,0.06361977147362463,1,Normal
2026-10-09,14:03:01,Binary: /bin/tail,17,2,50581.0,0,0,0,0.06462986413687305,1,Normal
2026-10-09,14:03:01,Binary: /bin/tapestat,21,2,50581.0,0,0,0,0.06762301465943416,1,Normal
2026-10-09,14:03:01,Binary: /bin/tar,16,2,50581.0,0,0,0,0.06361977147362463,1,Normal
2026-10-09,14:03:01,Binary: /bin/taskset,20,2,50581.0,0,0,0,0.06737276495152333,1,Normal
2026-10-09,14:03:01,Binary: /bin/tbl,16,2,50581.0,0,0,0,0.06361977147362463,1,Normal
2026-10-09,14:03:02,Binary: /bin/tclsh,18,2,50582.0,0,0,0,0.06577833292079815,1,Normal
2026-10-09,14:03:02,Binary: /bin/tclsh8.6,21,2,50582.0,0,0,0,0.06713476123264711,1,Normal
2026-10-09,14:03:02,Binary: /bin/tcpdump,20,2,50582.0,0,0,0,0.06679088460873134,1,Normal
2026-10-09,14:03:02,Binary: /bin/tecla,18,2,50582.0,0,0,0,0.06577833292079815,1,Normal
2026-10-09,14:03:02,Binary: /bin/tee,16,2,50582.0,0,0,0,0.06303078659929306,1,Normal
2026-10-09,14:03:02,Binary: /bin/telnet,19,2,50582.0,0,0,0,0.06637344320187671,1,Normal
2026-10-09,14:03:02,Binary: /bin/tempfile,21,2,50582.0,0,0,0,0.06713476123264711,1,Normal
2026-10-09,14:03:02,Binary: /bin/test,17,2,50582.0,0,0,1,0.017477901583654698,1,Normal
2026-10-09,14:03:02,Binary: /bin/tic,16,2,50582.0,0,0,0,0.06303078659929306,1,Normal
2026-10-09,14:03:02,Binary: /bin/tificc,19,2,50582.0,0,0,0,0.06637344320187671,1,Normal
2026-10-09,14:03:02,Binary: /bin/time,17,2,50582.0,0,0,0,0.06372729783979747,1,Normal
2026-10-09,14:03:02,Binary: /bin/timedatectl,24,2,50582.0,0,0,0,0.06372135071704865,1,Normal
2026-10-09,14:03:02,Binary: /bin/timeout,20,2,50582.0,0,0,0,0.06679088460873134,1,Normal
2026-10-09,14:03:02,Binary: /bin/tinysparql,23,2,50582.0,0,0,0,0.06480856804003365,1,Normal
2026-10-09,14:03:02,Binary: /bin/tload,18,2,50582.0,0,0,0,0.06577833292079815,1,Normal
2026-10-09,14:03:02,Binary: /bin/tnftp,18,2,50582.0,0,0,0,0.06577833292079815,1,Normal
2026-10-09,14:03:02,Binary: /bin/toe,16,2,50582.0,0,0,0,0.06303078659929306,1,Normal
2026-10-09,14:03:02,Binary: /bin/top,16,2,50582.0,0,0,0,0.06303078659929306,1,Normal
2026-10-09,14:03:03,Binary: /bin/touch,18,2,50583.0,0,0,0,0.0651744484055059,1,Normal
2026-10-09,14:03:03,Binary: /bin/tput,17,2,50583.0,0,0,0,0.0633553437287857,1,Normal
2026-10-09,14:03:03,Binary: /bin/tr,15,2,50583.0,0,0,0,0.060783365552628976,1,Normal
2026-10-09,14:03:03,Binary: /bin/trace-cmd,22,2,50583.0,0,0,0,0.06421050236934567,1,Normal
2026-10-09,14:03:03,Binary: /bin/tracepath,22,2,50583.0,0,0,0,0.06421050236934567,1,Normal
2026-10-09,14:03:03,Binary: /bin/transicc,21,2,50583.0,0,0,0,0.06635161035239318,1,Normal
2026-10-09,14:03:03,Binary: /bin/troff,18,2,50583.0,0,0,0,0.0651744484055059,1,Normal
2026-10-09,14:03:03,Binary: /bin/true,17,2,50583.0,0,0,0,0.0633553437287857,1,Normal
2026-10-09,14:03:03,Binary: /bin/truncate,21,2,50583.0,0,0,0,0.06635161035239318,1,Normal
2026-10-09,14:03:03,Binary: /bin/trust,18,2,50583.0,0,0,0,0.0651744484055059,1,Normal
2026-10-09,14:03:03,Binary: /bin/tset,17,2,50583.0,0,0,0,0.0633553437287857,1,Normal
2026-10-09,14:03:03,Binary: /bin/tsort,18,2,50583.0,0,0,0,0.0651744484055059,1,Normal
2026-10-09,14:03:03,Binary: /bin/tty,16,2,50583.0,0,0,0,0.06255240204399443,1,Normal
2026-10-09,14:03:03,Binary: /bin/turbostat,22,2,50583.0,0,0,0,0.06421050236934567,1,Normal
2026-10-09,14:03:03,Binary: /bin/tzselect,21,2,50583.0,0,0,0,0.06635161035239318,1,Normal
2026-10-09,14:03:03,Binary: /bin/ua,15,2,50583.0,0,0,0,0.060783365552628976,1,Normal
2026-10-09,14:03:03,Binary: /bin/ubuntu-advantage,29,2,50583.0,0,0,0,0.047154904319177515,1,Normal
2026-10-09,14:03:04,Binary: /bin/ubuntu-bug,23,2,50584.0,0,0,0,0.04722805514972778,1,Normal
2026-10-09,14:03:04,Binary: /bin/ubuntu-distro-info,31,2,50584.0,0,0,0,0.03951523610255753,1,Normal
2026-10-09,14:03:04,Binary: /bin/ubuntu-drivers,27,2,50584.0,0,0,0,0.047154904319177515,1,Normal
2026-10-09,14:03:04,Binary: /bin/ubuntu-insights,28,2,50584.0,0,0,0,0.047154904319177515,1,Normal
2026-10-09,14:03:04,Binary: /bin/ubuntu-report,26,2,50584.0,0,0,0,0.047101355405182066,1,Normal
2026-10-09,14:03:04,Binary: /bin/ubuntu-security-status,35,2,50584.0,0,0,0,0.033870695820653884,1,Normal
2026-10-09,14:03:04,Binary: /bin/ucf,16,2,50584.0,0,0,0,0.06255240204399443,1,Normal
2026-10-09,14:03:04,Binary: /bin/ucfq,17,2,50584.0,0,0,0,0.0633553437287857,1,Normal
2026-10-09,14:03:04,Binary: /bin/ucfr,17,2,50584.0,0,0,0,0.0633553437287857,1,Normal
2026-10-09,14:03:04,Binary: /bin/uclampset,22,2,50584.0,0,0,0,0.06431553903034071,1,Normal
2026-10-09,14:03:04,Binary: /bin/ucs2any,20,2,50584.0,0,0,0,0.0658530854650532,1,Normal
2026-10-09,14:03:04,Binary: /bin/udevadm,20,2,50584.0,0,0,0,0.0658530854650532,1,Normal
2026-10-09,14:03:04,Binary: /bin/udisksctl,22,2,50584.0,0,0,0,0.06431553903034071,1,Normal
2026-10-09,14:03:04,Binary: /bin/ul,15,2,50584.0,0,0,0,0.060783365552628976,1,Normal
2026-10-09,14:03:04,Binary: /bin/umax_pp,20,2,50584.0,0,0,0,0.0658530854650532,1,Normal
2026-10-09,14:03:04,Binary: /bin/umount,19,2,50584.0,0,0,0,0.06561397073414654,1,Normal
2026-10-09,14:03:04,Binary: /bin/uname,18,2,50584.0,0,0,0,0.06501739482491947,1,Normal
2026-10-09,14:03:05,Binary: /bin/unattended-upgrade,31,2,50585.0,0,0,0,0.05737696317523816,1,Normal
2026-10-09,14:03:05,Binary: /bin/unattended-upgrades,32,2,50585.0,0,0,0,0.05716215818009285,1,Normal
2026-10-09,14:03:05,Binary: /bin/uncompress,23,2,50585.0,0,0,0,0.06408513068129901,1,Normal
2026-10-09,14:03:05,Binary: /bin/unexpand,21,2,50585.0,0,0,0,0.06560396281886266,1,Normal
2026-10-09,14:03:05,Binary: /bin/unicode_start,26,2,50585.0,0,0,0,0.061409518233411065,1,Normal
2026-10-09,14:03:05,Binary: /bin/unicode_stop,25,2,50585.0,0,0,0,0.0619956280755955,1,Normal
2026-10-09,14:03:05,Binary: /bin/uniq,17,2,50585.0,0,0,0,0.06331258356036878,1,Normal
2026-10-09,14:03:05,Binary: /bin/unity-scope-loader,31,2,50585.0,0,0,0,0.05737696317523816,1,Normal
2026-10-09,14:03:05,Binary: /bin/unlink,19,2,50585.0,0,0,0,0.0655715207133653,1,Normal
2026-10-09,14:03:05,Binary: /bin/unlzma,19,2,50585.0,0,0,0,0.0655715207133653,1,Normal
2026-10-09,14:03:05,Binary: /bin/unmkinitramfs,26,2,50585.0,0,0,0,0.061409518233411065,1,Normal
2026-10-09,14:03:05,Binary: /bin/unshare,20,2,50585.0,0,0,0,0.06581066827876314,1,Normal
2026-10-09,14:03:05,Binary: /bin/unsquashfs,23,2,50585.0,0,0,0,0.06408513068129901,1,Normal
2026-10-09,14:03:05,Binary: /bin/unxz,17,2,50585.0,0,0,0,0.06331258356036878,1,Normal
2026-10-09,14:03:05,Binary: /bin/unzip,18,2,50585.0,0,0,0,0.0649748628841898,1,Normal
2026-10-09,14:03:05,Binary: /bin/unzipsfx,21,2,50585.0,0,0,0,0.06560396281886266,1,Normal
2026-10-09,14:03:05,Binary: /bin/unzstd,19,2,50585.0,0,0,0,0.0655715207133653,1,Normal
2026-10-09,14:03:06,Binary: /bin/update-alternatives,32,2,50586.0,0,0,0,0.05468704815931513,1,Normal
2026-10-09,14:03:06,Binary: /bin/update-desktop-database,36,2,50586.0,0,0,0,0.04231893851419666,1,Normal
2026-10-09,14:03:06,Binary: /bin/update-manager,27,2,50586.0,0,0,0,0.04369940426806235,1,Normal
2026-10-09,14:03:06,Binary: /bin/update-menus,25,2,50586.0,0,0,0,0.05488249857732097,1,Normal
2026-10-09,14:03:06,Binary: /bin/update-mime-database,33,2,50586.0,0,0,0,0.05466459172595811,1,Normal
2026-10-09,14:03:06,Binary: /bin/update-notifier,28,2,50586.0,0,0,0,0.05468704815931513,1,Normal
2026-10-09,14:03:06,Binary: /bin/upower,19,2,50586.0,0,0,0,0.0655715207133653,1,Normal
2026-10-09,14:03:06,Binary: /bin/uptime,19,2,50586.0,0,0,0,0.0655715207133653,1,Normal
2026-10-09,14:03:06,Binary: /bin/usb-devices,24,2,50586.0,0,0,0,0.06288989236005582,1,Normal
2026-10-09,14:03:06,Binary: /bin/usb_printerid,26,2,50586.0,0,0,0,0.061409518233411065,1,Normal
2026-10-09,14:03:06,Binary: /bin/usbhid-dump,24,2,50586.0,0,0,0,0.05204876569338046,1,Normal
2026-10-09,14:03:06,Binary: /bin/usbip,18,2,50586.0,0,0,0,0.0649748628841898,1,Normal
2026-10-09,14:03:06,Binary: /bin/usbipd,19,2,50586.0,0,0,0,0.0655715207133653,1,Normal
2026-10-09,14:03:06,Binary: /bin/usbreset,21,2,50586.0,0,0,0,0.06560396281886266,1,Normal
2026-10-09,14:03:06,Binary: /bin/user-session-migration,35,2,50586.0,0,0,0,0.053260547574799755,1,Normal
2026-10-09,14:03:06,Binary: /bin/users,18,2,50586.0,0,0,0,0.0649748628841898,1,Normal
2026-10-09,14:03:06,Binary: /bin/uuidgen,20,2,50586.0,0,0,0,0.06581066827876314,1,Normal
2026-10-09,14:03:07,Binary: /bin/uuidparse,22,2,50587.0,0,0,0,0.06415564242948785,1,Normal
2026-10-09,14:03:07,Binary: /bin/varlinkctl,23,2,50587.0,0,0,0,0.06374497952473923,1,Normal
2026-10-09,14:03:07,Binary: /bin/vcs-run,20,2,50587.0,0,0,0,0.0530357573738503,1,Normal
2026-10-09,14:03:07,Binary: /bin/vdir,17,2,50587.0,0,0,0,0.06318534890601996,1,Normal
2026-10-09,14:03:07,Binary: /bin/vi,15,2,50587.0,0,0,0,0.06103054926304258,1,Normal
2026-10-09,14:03:07,Binary: /bin/view,17,2,50587.0,0,0,0,0.06318534890601996,1,Normal
2026-10-09,14:03:07,Binary: /bin/viewres,20,2,50587.0,0,0,0,0.06557701625756618,1,Normal
2026-10-09,14:03:07,Binary: /bin/vim.tiny,21,2,50587.0,0,0,0,0.06537015446707811,1,Normal
2026-10-09,14:03:07,Binary: /bin/visudo-rs,22,2,50587.0,0,0,0,0.054949020454311326,1,Normal
2026-10-09,14:03:07,Binary: /bin/vmstat,19,2,50587.0,0,0,0,0.06546690901425639,1,Normal
2026-10-09,14:03:07,Binary: /bin/vstp,17,2,50587.0,0,0,0,0.06318534890601996,1,Normal
2026-10-09,14:03:07,Binary: /bin/w,14,2,50587.0,0,0,0,0.06008971344229708,1,Normal
2026-10-09,14:03:07,Binary: /bin/wall,17,2,50587.0,0,0,0,0.06318534890601996,1,Normal
2026-10-09,14:03:07,Binary: /bin/watch,18,2,50587.0,0,0,0,0.06449931063251352,1,Normal
2026-10-09,14:03:07,Binary: /bin/watchgnupg,23,2,50587.0,0,0,0,0.06374497952473923,1,Normal
2026-10-09,14:03:07,Binary: /bin/wc,15,2,50587.0,0,0,0,0.06103054926304258,1,Normal
2026-10-09,14:03:07,Binary: /bin/wcurl,18,2,50587.0,0,0,0,0.06449931063251352,1,Normal
2026-10-09,14:03:07,Binary: /bin/wget,17,2,50587.0,0,0,0,0.06318534890601996,1,Normal
2026-10-09,14:03:08,Binary: /bin/whatis,19,2,50588.0,0,0,0,0.06513113936431753,1,Normal
2026-10-09,14:03:08,Binary: /bin/whereis,20,2,50588.0,0,0,0,0.0653460541289213,1,Normal
2026-10-09,14:03:08,Binary: /bin/which,18,2,50588.0,0,0,0,0.06416249053091505,1,Normal
2026-10-09,14:03:08,Binary: /bin/which.debianutils,30,2,50588.0,0,0,0,0.05828823436186553,1,Normal
2026-10-09,14:03:08,Binary: /bin/whiptail,21,2,50588.0,0,0,0,0.06513903780758401,1,Normal
2026-10-09,14:03:08,Binary: /bin/who,16,2,50588.0,0,0,0,0.06193704451542431,1,Normal
2026-10-09,14:03:08,Binary: /bin/whoami,19,2,50588.0,0,0,0,0.06513113936431753,1,Normal
2026-10-09,14:03:08,Binary: /bin/whoopsie,21,2,50588.0,0,0,0,0.06513903780758401,1,Normal
2026-10-09,14:03:08,Binary: /bin/whoopsie-preferences,33,2,50588.0,0,0,0,0.0556538484576059,1,Normal
2026-10-09,14:03:08,Binary: /bin/wireplumber,24,2,50588.0,0,0,0,0.06244279797174224,1,Normal
2026-10-09,14:03:08,Binary: /bin/word-list-compress,31,2,50588.0,0,0,0,0.05734546472559676,1,Normal
2026-10-09,14:03:08,Binary: /bin/wpa_passphrase,27,2,50588.0,0,0,0,0.05986130064488637,1,Normal
2026-10-09,14:03:08,Binary: /bin/wpctl,18,2,50588.0,0,0,0,0.06416249053091505,1,Normal
2026-10-09,14:03:08,Binary: /bin/wpexec,19,2,50588.0,0,0,0,0.06513113936431753,1,Normal
2026-10-09,14:03:08,Binary: /bin/wsdd,17,2,50588.0,0,0,0,0.06284710233110119,1,Normal
2026-10-09,14:03:08,Binary: /bin/x-session-manager,30,2,50588.0,0,0,0,0.04062404642580347,1,Normal
2026-10-09,14:03:09,Binary: /bin/x-terminal-emulator,32,2,50589.0,0,0,0,0.05630084057680268,1,Normal
2026-10-09,14:03:09,Binary: /bin/x-www-browser,26,2,50589.0,0,0,0,0.06014050881695454,1,Normal
2026-10-09,14:03:09,Binary: /bin/x86_64,19,2,50589.0,0,0,0,0.048907532584894886,1,Normal
2026-10-09,14:03:09,Binary: /bin/x86_64-linux-gnu-addr2line,39,2,50589.0,0,0,0,0.0020037899800294245,1,Normal
2026-10-09,14:03:09,Binary: /bin/x86_64-linux-gnu-ar,32,2,50589.0,0,0,0,-0.004713656921518539,-1,Anomalía
2026-10-09,14:03:09,Binary: /bin/x86_64-linux-gnu-as,32,2,50589.0,0,0,0,0.0029350297262737968,1,Normal
2026-10-09,14:03:09,Binary: /bin/x86_64-linux-gnu-c++filt,37,2,50589.0,0,0,0,0.002489161856661093,1,Normal
2026-10-09,14:03:09,Binary: /bin/x86_64-linux-gnu-cpp,33,2,50589.0,0,0,0,0.0034638738204191277,1,Normal
2026-10-09,14:03:09,Binary: /bin/x86_64-linux-gnu-cpp-15,36,2,50589.0,0,0,0,-0.012506204279118138,-1,Anomalía
2026-10-09,14:03:09,Binary: /bin/x86_64-linux-gnu-elfedit,37,2,50589.0,0,0,0,0.002489161856661093,1,Normal
2026-10-09,14:03:09,Binary: /bin/x86_64-linux-gnu-g++,33,2,50589.0,0,0,0,0.0034638738204191277,1,Normal
2026-10-09,14:03:09,Binary: /bin/x86_64-linux-gnu-g++-15,36,2,50589.0,0,0,0,-0.012506204279118138,-1,Anomalía
2026-10-09,14:03:09,Binary: /bin/x86_64-linux-gnu-gcc,33,2,50589.0,0,0,0,-0.005113485285757224,-1,Anomalía
2026-10-09,14:03:09,Binary: /bin/x86_64-linux-gnu-gcc-15,36,2,50589.0,0,0,0,-0.01718940997870355,-1,Anomalía
2026-10-09,14:03:09,Binary: /bin/x86_64-linux-gnu-gcc-ar,36,2,50589.0,0,0,0,-0.009095450950665773,-1,Anomalía
2026-10-09,14:03:09,Binary: /bin/x86_64-linux-gnu-gcc-ar-15,39,2,50589.0,0,0,0,-0.016796350716711705,-1,Anomalía
2026-10-09,14:03:09,Binary: /bin/x86_64-linux-gnu-gcc-nm,36,2,50589.0,0,0,0,-0.014398414905279044,-1,Anomalía
2026-10-09,14:03:09,Binary: /bin/x86_64-linux-gnu-gcc-nm-15,39,2,50589.0,0,0,0,-0.024208375631074863,-1,Anomalía
2026-10-09,14:03:10,Binary: /bin/x86_64-linux-gnu-gcc-ranlib,40,2,50590.0,0,0,0,-0.01245834918808758,-1,Anomalía
2026-10-09,14:03:10,Binary: /bin/x86_64-linux-gnu-gcc-ranlib-15,43,2,50590.0,0,0,0,-0.015914741791263842,-1,Anomalía
2026-10-09,14:03:10,Binary: /bin/x86_64-linux-gnu-gcov,34,2,50590.0,0,0,0,-0.005196035462641191,-1,Anomalía
2026-10-09,14:03:10,Binary: /bin/x86_64-linux-gnu-gcov-15,37,2,50590.0,0,0,0,-0.018607598559555016,-1,Anomalía
2026-10-09,14:03:10,Binary: /bin/x86_64-linux-gnu-gcov-dump,39,2,50590.0,0,0,0,-0.012829632482025677,-1,Anomalía
2026-10-09,14:03:10,Binary: /bin/x86_64-linux-gnu-gcov-dump-15,42,2,50590.0,0,0,0,-0.026826373782588175,-1,Anomalía
2026-10-09,14:03:10,Binary: /bin/x86_64-linux-gnu-gcov-tool,39,2,50590.0,0,0,0,-0.016982431007665888,-1,Anomalía
2026-10-09,14:03:10,Binary: /bin/x86_64-linux-gnu-gcov-tool-15,42,2,50590.0,0,0,0,-0.02913025664361757,-1,Anomalía
2026-10-09,14:03:10,Binary: /bin/x86_64-linux-gnu-gprof,35,2,50590.0,0,0,0,0.004448769299560507,1,Normal
2026-10-09,14:03:10,Binary: /bin/x86_64-linux-gnu-ld,32,2,50590.0,0,0,0,0.0035634156383601012,1,Normal
2026-10-09,14:03:10,Binary: /bin/x86_64-linux-gnu-ld.bfd,36,2,50590.0,0,0,0,0.0038510866989733827,1,Normal
2026-10-09,14:03:10,Binary: /bin/x86_64-linux-gnu-lto-dump,38,2,50590.0,0,0,0,-0.0028982508424607034,-1,Anomalía
2026-10-09,14:03:10,Binary: /bin/x86_64-linux-gnu-lto-dump-15,41,2,50590.0,0,0,0,-0.017194430764206903,-1,Anomalía
2026-10-09,14:03:10,Binary: /bin/x86_64-linux-gnu-nm,32,2,50590.0,0,0,0,-0.005393382678881564,-1,Anomalía
2026-10-09,14:03:10,Binary: /bin/x86_64-linux-gnu-objcopy,37,2,50590.0,0,0,0,0.0031183013015275707,1,Normal
2026-10-09,14:03:10,Binary: /bin/x86_64-linux-gnu-objdump,37,2,50590.0,0,0,0,0.0031183013015275707,1,Normal
2026-10-09,14:03:10,Binary: /bin/x86_64-linux-gnu-ranlib,36,2,50590.0,0,0,0,-0.005302170261490713,-1,Anomalía
2026-10-09,14:03:10,Binary: /bin/x86_64-linux-gnu-readelf,37,2,50590.0,0,0,0,0.0031183013015275707,1,Normal
2026-10-09,14:03:11,Binary: /bin/x86_64-linux-gnu-size,34,2,50591.0,0,0,0,0.003469645311049041,1,Normal
2026-10-09,14:03:11,Binary: /bin/x86_64-linux-gnu-strings,37,2,50591.0,0,0,0,0.002261692018115491,1,Normal
2026-10-09,14:03:11,Binary: /bin/x86_64-linux-gnu-strip,35,2,50591.0,0,0,0,0.0035952267131011406,1,Normal
2026-10-09,14:03:11,Binary: /bin/x86_energy_perf_policy,35,2,50591.0,0,0,0,0.053547810917798755,1,Normal
2026-10-09,14:03:11,Binary: /bin/xargs,18,2,50591.0,0,0,0,0.06321757872934064,1,Normal
2026-10-09,14:03:11,Binary: /bin/xauth,18,2,50591.0,0,0,0,0.06321757872934064,1,Normal
2026-10-09,14:03:11,Binary: /bin/xbrlapi,20,2,50591.0,0,0,0,0.06403344773328246,1,Normal
2026-10-09,14:03:11,Binary: /bin/xcmsdb,19,2,50591.0,0,0,0,0.06418917448950162,1,Normal
2026-10-09,14:03:11,Binary: /bin/xdg-dbus-proxy,27,2,50591.0,0,0,0,0.008177316260316259,1,Normal
2026-10-09,14:03:11,Binary: /bin/xdg-desktop-icon,29,2,50591.0,0,0,0,0.026792262743009,1,Normal
2026-10-09,14:03:11,Binary: /bin/xdg-desktop-menu,29,2,50591.0,0,0,0,0.026792262743009,1,Normal
2026-10-09,14:03:11,Binary: /bin/xdg-email,22,2,50591.0,0,0,0,0.03226398884131165,1,Normal
2026-10-09,14:03:11,Binary: /bin/xdg-icon-resource,30,2,50591.0,0,0,0,0.03240143357817793,1,Normal
2026-10-09,14:03:11,Binary: /bin/xdg-mime,21,2,50591.0,0,0,0,0.03231429357598148,1,Normal
2026-10-09,14:03:11,Binary: /bin/xdg-open,21,2,50591.0,0,0,0,0.03231429357598148,1,Normal
2026-10-09,14:03:11,Binary: /bin/xdg-screensaver,28,2,50591.0,0,0,0,0.03240143357817793,1,Normal
2026-10-09,14:03:12,Binary: /bin/xdg-settings,25,2,50592.0,0,0,0,0.03261049285271367,1,Normal
2026-10-09,14:03:12,Binary: /bin/xdg-terminal-exec,30,2,50592.0,0,0,0,0.03240143357817793,1,Normal
2026-10-09,14:03:12,Binary: /bin/xdg-user-dir,25,2,50592.0,0,0,0,0.03261049285271367,1,Normal
2026-10-09,14:03:12,Binary: /bin/xdg-user-dirs-gtk-update,37,2,50592.0,0,0,0,0.02091531439127109,1,Normal
2026-10-09,14:03:12,Binary: /bin/xdg-user-dirs-update,33,2,50592.0,0,0,0,0.024216073890073686,1,Normal
2026-10-09,14:03:12,Binary: /bin/xdpyinfo,21,2,50592.0,0,0,0,0.06315755618360386,1,Normal
2026-10-09,14:03:12,Binary: /bin/xdriinfo,21,2,50592.0,0,0,0,0.06315755618360386,1,Normal
2026-10-09,14:03:12,Binary: /bin/xev,16,2,50592.0,0,0,0,0.060896115187644595,1,Normal
2026-10-09,14:03:12,Binary: /bin/xfd,16,2,50592.0,0,0,0,0.060896115187644595,1,Normal
2026-10-09,14:03:12,Binary: /bin/xfontsel,21,2,50592.0,0,0,0,0.06315755618360386,1,Normal
2026-10-09,14:03:12,Binary: /bin/xgamma,19,2,50592.0,0,0,0,0.06371685360793589,1,Normal
2026-10-09,14:03:12,Binary: /bin/xhost,18,2,50592.0,0,0,0,0.06274378019708787,1,Normal
2026-10-09,14:03:12,Binary: /bin/xkbbell,20,2,50592.0,0,0,0,0.0635608900147957,1,Normal
2026-10-09,14:03:12,Binary: /bin/xkbcomp,20,2,50592.0,0,0,0,0.0635608900147957,1,Normal
2026-10-09,14:03:12,Binary: /bin/xkbevd,19,2,50592.0,0,0,0,0.06371685360793589,1,Normal
2026-10-09,14:03:12,Binary: /bin/xkbprint,21,2,50592.0,0,0,0,0.06315755618360386,1,Normal
2026-10-09,14:03:12,Binary: /bin/xkbvleds,21,2,50592.0,0,0,0,0.06315755618360386,1,Normal
2026-10-09,14:03:13,Binary: /bin/xkbwatch,21,2,50593.0,0,0,0,0.06258054344609243,1,Normal
2026-10-09,14:03:13,Binary: /bin/xkeystone,22,2,50593.0,0,0,0,0.06176655888477728,1,Normal
2026-10-09,14:03:13,Binary: /bin/xkill,18,2,50593.0,0,0,0,0.06222414200798987,1,Normal
2026-10-09,14:03:13,Binary: /bin/xlsatoms,21,2,50593.0,0,0,0,0.06258054344609243,1,Normal
2026-10-09,14:03:13,Binary: /bin/xlsclients,23,2,50593.0,0,0,0,0.06135273720318574,1,Normal
2026-10-09,14:03:13,Binary: /bin/xlsfonts,21,2,50593.0,0,0,0,0.06258054344609243,1,Normal
2026-10-09,14:03:13,Binary: /bin/xmessage,21,2,50593.0,0,0,0,0.06258054344609243,1,Normal
2026-10-09,14:03:13,Binary: /bin/xmodmap,20,2,50593.0,0,0,0,0.06317985556442818,1,Normal
2026-10-09,14:03:13,Binary: /bin/xprop,18,2,50593.0,0,0,0,0.06222414200798987,1,Normal
2026-10-09,14:03:13,Binary: /bin/xqxdecode,22,2,50593.0,0,0,0,0.06176655888477728,1,Normal
2026-10-09,14:03:13,Binary: /bin/xrandr,19,2,50593.0,0,0,0,0.06323064203979445,1,Normal
2026-10-09,14:03:13,Binary: /bin/xrdb,17,2,50593.0,0,0,0,0.06078164662010571,1,Normal
2026-10-09,14:03:13,Binary: /bin/xrefresh,21,2,50593.0,0,0,0,0.06258054344609243,1,Normal
2026-10-09,14:03:13,Binary: /bin/xset,17,2,50593.0,0,0,0,0.06078164662010571,1,Normal
2026-10-09,14:03:13,Binary: /bin/xsetmode,21,2,50593.0,0,0,0,0.06258054344609243,1,Normal
2026-10-09,14:03:13,Binary: /bin/xsetpointer,24,2,50593.0,0,0,0,0.06056618866573116,1,Normal
2026-10-09,14:03:13,Binary: /bin/xsetroot,21,2,50593.0,0,0,0,0.06258054344609243,1,Normal
2026-10-09,14:03:14,Binary: /bin/xstdcmap,21,2,50594.0,0,0,0,0.062188855067632276,1,Normal
2026-10-09,14:03:14,Binary: /bin/xsubpp,19,2,50594.0,0,0,0,0.06323064203979445,1,Normal
2026-10-09,14:03:14,Binary: /bin/xvidtune,21,2,50594.0,0,0,0,0.062188855067632276,1,Normal
2026-10-09,14:03:14,Binary: /bin/xvinfo,19,2,50594.0,0,0,0,0.06323064203979445,1,Normal
2026-10-09,14:03:14,Binary: /bin/xwininfo,21,2,50594.0,0,0,0,0.062188855067632276,1,Normal
2026-10-09,14:03:14,Binary: /bin/xxd,16,2,50594.0,0,0,0,0.06037339979121609,1,Normal
2026-10-09,14:03:14,Binary: /bin/xz,15,2,50594.0,0,0,0,0.05901329043901227,1,Normal
2026-10-09,14:03:14,Binary: /bin/xzcat,18,2,50594.0,0,0,0,0.06222414200798987,1,Normal
2026-10-09,14:03:14,Binary: /bin/xzcmp,18,2,50594.0,0,0,0,0.06222414200798987,1,Normal
2026-10-09,14:03:14,Binary: /bin/xzdiff,19,2,50594.0,0,0,0,0.06323064203979445,1,Normal
2026-10-09,14:03:14,Binary: /bin/xzegrep,20,2,50594.0,0,0,0,0.06278891915343965,1,Normal
2026-10-09,14:03:14,Binary: /bin/xzfgrep,20,2,50594.0,0,0,0,0.06278891915343965,1,Normal
2026-10-09,14:03:14,Binary: /bin/xzgrep,19,2,50594.0,0,0,0,0.06323064203979445,1,Normal
2026-10-09,14:03:14,Binary: /bin/xzless,19,2,50594.0,0,0,0,0.06323064203979445,1,Normal
2026-10-09,14:03:14,Binary: /bin/xzmore,19,2,50594.0,0,0,0,0.06323064203979445,1,Normal
2026-10-09,14:03:14,Binary: /bin/yelp,17,2,50594.0,0,0,0,0.06078164662010571,1,Normal
2026-10-09,14:03:15,Binary: /bin/yes,16,2,50595.0,0,0,0,0.056836831612642635,1,Normal
2026-10-09,14:03:15,Binary: /bin/ypdomainname,25,2,50595.0,0,0,0,0.05632369903932177,1,Normal
2026-10-09,14:03:15,Binary: /bin/zcat,17,2,50595.0,0,0,0,0.05724967095447875,1,Normal
2026-10-09,14:03:15,Binary: /bin/zcmp,17,2,50595.0,0,0,0,0.05724967095447875,1,Normal
2026-10-09,14:03:15,Binary: /bin/zdiff,18,2,50595.0,0,0,0,0.05872715331016942,1,Normal
2026-10-09,14:03:15,Binary: /bin/zdump,18,2,50595.0,0,0,0,0.05872715331016942,1,Normal
2026-10-09,14:03:15,Binary: /bin/zegrep,19,2,50595.0,0,0,0,0.059744915400701815,1,Normal
2026-10-09,14:03:15,Binary: /bin/zenity,19,2,50595.0,0,0,0,0.059744915400701815,1,Normal
2026-10-09,14:03:15,Binary: /bin/zfgrep,19,2,50595.0,0,0,0,0.059744915400701815,1,Normal
2026-10-09,14:03:15,Binary: /bin/zforce,19,2,50595.0,0,0,0,0.059744915400701815,1,Normal
2026-10-09,14:03:15,Binary: /bin/zgrep,18,2,50595.0,0,0,0,0.05872715331016942,1,Normal
2026-10-09,14:03:15,Binary: /bin/zip,16,2,50595.0,0,0,0,0.056836831612642635,1,Normal
2026-10-09,14:03:15,Binary: /bin/zipcloak,21,2,50595.0,0,0,0,0.058713645452405316,1,Normal
2026-10-09,14:03:15,Binary: /bin/zipdetails,23,2,50595.0,0,0,0,0.05802907103848026,1,Normal
2026-10-09,14:03:15,Binary: /bin/zipgrep,20,2,50595.0,0,0,0,0.05932038128221029,1,Normal
2026-10-09,14:03:15,Binary: /bin/zipinfo,20,2,50595.0,0,0,0,0.05932038128221029,1,Normal
2026-10-09,14:03:15,Binary: /bin/zipnote,20,2,50595.0,0,0,0,0.05932038128221029,1,Normal
2026-10-09,14:03:15,Binary: /bin/zipsplit,21,2,50595.0,0,0,0,0.058713645452405316,1,Normal
2026-10-09,14:03:16,Binary: /bin/zjsdecode,22,2,50596.0,0,0,0,0.05686416822332119,1,Normal
2026-10-09,14:03:16,Binary: /bin/zless,18,2,50596.0,0,0,0,0.057145440922520885,1,Normal
2026-10-09,14:03:16,Binary: /bin/zmore,18,2,50596.0,0,0,0,0.057145440922520885,1,Normal
2026-10-09,14:03:16,Binary: /bin/znew,17,2,50596.0,0,0,0,0.056133356184006555,1,Normal
2026-10-09,14:03:16,Binary: /bin/zstd,17,2,50596.0,0,0,0,0.056133356184006555,1,Normal
2026-10-09,14:03:16,Binary: /bin/zstdcat,20,2,50596.0,0,0,0,0.05774163800550364,1,Normal
2026-10-09,14:03:16,Binary: /bin/zstdgrep,21,2,50596.0,0,0,0,0.05713186545781612,1,Normal
2026-10-09,14:03:16,Binary: /bin/zstdless,21,2,50596.0,0,0,0,0.05713186545781612,1,Normal
2026-10-09,14:03:16,Binary: /bin/zstdmt,19,2,50596.0,0,0,0,0.05816829692079489,1,Normal
2026-10-09,14:03:16,====,4,1,50596.0,0,0,0,0.055413371318295324,1,Normal
2026-10-09,14:03:16,Test: Checking binaries in directory /sbin,42,6,50596.0,0,0,1,-0.04637474666163388,-1,Anomalía
2026-10-09,14:03:16,Directory /sbin exists. Starting directory scanning...,54,6,50596.0,0,0,0,-0.021786852586393124,-1,Anomalía
2026-10-09,14:03:16,Binary: /sbin/ModemManager,26,2,50596.0,0,0,0,0.043263733661990766,1,Normal
2026-10-09,14:03:16,Binary: /sbin/NetworkManager,28,2,50596.0,0,0,0,0.04333933294727815,1,Normal
2026-10-09,14:03:16,Binary: /sbin/VBoxService,25,2,50596.0,0,0,0,0.043263733661990766,1,Normal
2026-10-09,14:03:16,Binary: /sbin/aa-load,21,2,50596.0,0,0,0,0.035905616056741974,1,Normal
2026-10-09,14:03:16,Binary: /sbin/aa-remove-unknown,31,2,50596.0,0,0,0,0.03595164241775478,1,Normal
2026-10-09,14:03:16,Binary: /sbin/aa-status,23,2,50596.0,0,0,0,0.03026136253959727,1,Normal
2026-10-09,14:03:17,Binary: /sbin/aa-teardown,25,2,50597.0,0,0,0,0.03674256993372221,1,Normal
2026-10-09,14:03:17,Binary: /sbin/accessdb,22,2,50597.0,0,0,0,0.04368534853233419,1,Normal
2026-10-09,14:03:17,Binary: /sbin/add-shell,23,2,50597.0,0,0,0,0.0441098355084123,1,Normal
2026-10-09,14:03:17,Binary: /sbin/addgnupghome,26,2,50597.0,0,0,0,0.04337585527304938,1,Normal
2026-10-09,14:03:17,Binary: /sbin/addgroup,22,2,50597.0,0,0,0,0.04368534853233419,1,Normal
2026-10-09,14:03:17,Binary: /sbin/adduser,21,2,50597.0,0,0,0,0.04326457710926118,1,Normal
2026-10-09,14:03:17,Binary: /sbin/agetty,20,2,50597.0,0,0,0,0.04324241567468523,1,Normal
2026-10-09,14:03:17,Binary: /sbin/alsa,18,2,50597.0,0,0,0,0.042103726350416315,1,Normal
2026-10-09,14:03:17,Binary: /sbin/alsa-info,23,2,50597.0,0,0,0,0.04363112187919088,1,Normal
2026-10-09,14:03:17,Binary: /sbin/alsabat-test,26,2,50597.0,0,0,1,0.0067889244178234165,1,Normal
2026-10-09,14:03:17,Binary: /sbin/alsactl,21,2,50597.0,0,0,0,0.04326457710926118,1,Normal
2026-10-09,14:03:17,Binary: /sbin/anacron,21,2,50597.0,0,0,0,0.04326457710926118,1,Normal
2026-10-09,14:03:17,Binary: /sbin/apparmor_parser,29,2,50597.0,0,0,0,0.042721143238782344,1,Normal
2026-10-09,14:03:17,Binary: /sbin/apparmor_status,29,2,50597.0,0,0,0,0.042721143238782344,1,Normal
2026-10-09,14:03:17,Binary: /sbin/applygnupgdefaults,32,2,50597.0,0,0,0,0.04084288233585015,1,Normal
2026-10-09,14:03:17,Binary: /sbin/aptd,18,2,50597.0,0,0,0,0.042103726350416315,1,Normal
2026-10-09,14:03:17,Binary: /sbin/argdist-bpfcc,27,2,50597.0,0,0,0,0.03942472170089839,1,Normal
2026-10-09,14:03:17,Binary: /sbin/arpd,18,2,50597.0,0,0,0,0.042103726350416315,1,Normal
2026-10-09,14:03:17,Binary: /sbin/arptables,23,2,50597.0,0,0,0,0.0460577357575378,1,Normal
2026-10-09,14:03:18,Binary: /sbin/arptables-nft,27,2,50598.0,0,0,0,0.023795132873658698,1,Normal
2026-10-09,14:03:18,Binary: /sbin/arptables-nft-restore,35,2,50598.0,0,0,0,0.008142927711044412,1,Normal
2026-10-09,14:03:18,Binary: /sbin/arptables-nft-save,32,2,50598.0,0,0,0,0.01864599270387124,1,Normal
2026-10-09,14:03:18,Binary: /sbin/arptables-restore,31,2,50598.0,0,0,0,0.027249929523590843,1,Normal
2026-10-09,14:03:18,Binary: /sbin/arptables-save,28,2,50598.0,0,0,0,0.03555011067926639,1,Normal
2026-10-09,14:03:18,Binary: /sbin/arptables-translate,33,2,50598.0,0,0,0,0.03176713803330922,1,Normal
2026-10-09,14:03:18,Binary: /sbin/aspell-autobuildhash,34,2,50598.0,0,0,0,0.040955822765839534,1,Normal
2026-10-09,14:03:18,Binary: /sbin/avahi-daemon,26,2,50598.0,0,0,0,0.04393589473143711,1,Normal
2026-10-09,14:03:18,Binary: /sbin/badblocks,23,2,50598.0,0,0,0,0.044556950315026156,1,Normal
2026-10-09,14:03:18,Binary: /sbin/bashreadline-bpfcc,32,2,50598.0,0,0,0,0.03770276786766419,1,Normal
2026-10-09,14:03:18,Binary: /sbin/bashreadline.bt,29,2,50598.0,0,0,0,0.025011521466140385,1,Normal
2026-10-09,14:03:18,Binary: /sbin/bindsnoop-bpfcc,29,2,50598.0,0,0,0,0.03973162054677659,1,Normal
2026-10-09,14:03:18,Binary: /sbin/biolatency-bpfcc,30,2,50598.0,0,0,0,0.039844936845445045,1,Normal
2026-10-09,14:03:19,Binary: /sbin/biolatency-kp.bt,30,2,50599.0,0,0,0,0.025011521466140385,1,Normal
2026-10-09,14:03:19,Binary: /sbin/biolatency.bt,27,2,50599.0,0,0,0,0.02524807178498345,1,Normal
2026-10-09,14:03:19,Binary: /sbin/biolatpcts-bpfcc,30,2,50599.0,0,0,0,0.039844936845445045,1,Normal
2026-10-09,14:03:19,Binary: /sbin/biopattern-bpfcc,30,2,50599.0,0,0,0,0.039844936845445045,1,Normal
2026-10-09,14:03:19,Binary: /sbin/biosdecode,24,2,50599.0,0,0,0,0.045849270605461956,1,Normal
2026-10-09,14:03:19,Binary: /sbin/biosnoop-bpfcc,28,2,50599.0,0,0,0,0.040118413312351164,1,Normal
2026-10-09,14:03:19,Binary: /sbin/biosnoop.bt,25,2,50599.0,0,0,0,0.02516522108756014,1,Normal
2026-10-09,14:03:19,Binary: /sbin/biostacks.bt,26,2,50599.0,0,0,0,0.02516522108756014,1,Normal
2026-10-09,14:03:19,Binary: /sbin/biotop-bpfcc,26,2,50599.0,0,0,0,0.03869747390960976,1,Normal
2026-10-09,14:03:19,Binary: /sbin/bitesize-bpfcc,28,2,50599.0,0,0,0,0.040118413312351164,1,Normal
2026-10-09,14:03:19,Binary: /sbin/bitesize.bt,25,2,50599.0,0,0,0,0.02516522108756014,1,Normal
2026-10-09,14:03:19,Binary: /sbin/blkdeactivate,27,2,50599.0,0,0,0,0.04576386524247206,1,Normal
2026-10-09,14:03:19,Binary: /sbin/blkdiscard,24,2,50599.0,0,0,0,0.045849270605461956,1,Normal
2026-10-09,14:03:19,Binary: /sbin/blkid,19,2,50599.0,0,0,0,0.044251387679530574,1,Normal
2026-10-09,14:03:19,Binary: /sbin/blockdev,22,2,50599.0,0,0,0,0.04659388465543035,1,Normal
2026-10-09,14:03:19,Binary: /sbin/bluetoothd,24,2,50599.0,0,0,0,0.045849270605461956,1,Normal
2026-10-09,14:03:19,Binary: /sbin/bpflist-bpfcc,27,2,50599.0,0,0,0,0.03942472170089839,1,Normal
2026-10-09,14:03:19,Binary: /sbin/bpftool,21,2,50599.0,0,0,0,0.04641233282804902,1,Normal
2026-10-09,14:03:20,Binary: /sbin/bridge,20,2,50600.0,0,0,0,0.04627665056353292,1,Normal
2026-10-09,14:03:20,Binary: /sbin/brltty-setup,26,2,50600.0,0,0,0,0.049768868351884765,1,Normal
2026-10-09,14:03:20,Binary: /sbin/btrfsdist-bpfcc,29,2,50600.0,0,0,0,0.04016118187901019,1,Normal
2026-10-09,14:03:20,Binary: /sbin/btrfsslower-bpfcc,31,2,50600.0,0,0,0,0.03824878693214545,1,Normal
2026-10-09,14:03:20,Binary: /sbin/cachestat-bpfcc,29,2,50600.0,0,0,0,0.04016118187901019,1,Normal
2026-10-09,14:03:20,Binary: /sbin/cachetop-bpfcc,28,2,50600.0,0,0,0,0.04043440010921279,1,Normal
2026-10-09,14:03:20,Binary: /sbin/capable-bpfcc,27,2,50600.0,0,0,0,0.039628012189939166,1,Normal
2026-10-09,14:03:20,Binary: /sbin/capable.bt,24,2,50600.0,0,0,0,0.02495474281202703,1,Normal
2026-10-09,14:03:20,Binary: /sbin/capsh,19,2,50600.0,0,0,0,0.044586636913528654,1,Normal
2026-10-09,14:03:20,Binary: /sbin/cfdisk,20,2,50600.0,0,0,0,0.04627665056353292,1,Normal
2026-10-09,14:03:20,Binary: /sbin/cgdisk,20,2,50600.0,0,0,0,0.04627665056353292,1,Normal
2026-10-09,14:03:20,Binary: /sbin/chat,18,2,50600.0,0,0,0,0.044586636913528654,1,Normal
2026-10-09,14:03:20,Binary: /sbin/chgpasswd,23,2,50600.0,0,0,0,0.0472042183063906,1,Normal
2026-10-09,14:03:20,Binary: /sbin/chpasswd,22,2,50600.0,0,0,0,0.04692675774328786,1,Normal
2026-10-09,14:03:20,Binary: /sbin/chronyd,21,2,50600.0,0,0,0,0.046745390075663584,1,Normal
2026-10-09,14:03:20,Binary: /sbin/cobjnew-bpfcc,27,2,50600.0,0,0,0,0.039628012189939166,1,Normal
2026-10-09,14:03:20,Binary: /sbin/coldreboot,24,2,50600.0,0,0,0,0.046620707856170784,1,Normal
2026-10-09,14:03:20,Binary: /sbin/compactsnoop-bpfcc,32,2,50600.0,0,0,0,0.03790710227926586,1,Normal
2026-10-09,14:03:20,Binary: /sbin/cpudist-bpfcc,27,2,50600.0,0,0,0,0.039628012189939166,1,Normal
2026-10-09,14:03:21,Binary: /sbin/cpuunclaimed-bpfcc,32,2,50601.0,0,0,0,0.038931286513347985,1,Normal
2026-10-09,14:03:21,Binary: /sbin/cpuwalk.bt,24,2,50601.0,0,0,0,0.02535511765067211,1,Normal
2026-10-09,14:03:21,Binary: /sbin/cracklib-check,28,2,50601.0,0,0,0,0.041589548359271866,1,Normal
2026-10-09,14:03:21,Binary: /sbin/cracklib-format,29,2,50601.0,0,0,0,0.04620949980034733,1,Normal
2026-10-09,14:03:21,Binary: /sbin/cracklib-packer,29,2,50601.0,0,0,0,0.04620949980034733,1,Normal
2026-10-09,14:03:21,Binary: /sbin/cracklib-unpacker,31,2,50601.0,0,0,0,0.04476972923933342,1,Normal
2026-10-09,14:03:21,Binary: /sbin/create-cracklib-dict,34,2,50601.0,0,0,0,0.04354439895118323,1,Normal
2026-10-09,14:03:21,Binary: /sbin/criticalstat-bpfcc,32,2,50601.0,0,0,0,0.038931286513347985,1,Normal
2026-10-09,14:03:21,Binary: /sbin/cron,18,2,50601.0,0,0,0,0.04516898204966885,1,Normal
2026-10-09,14:03:21,Binary: /sbin/cups-browsed,26,2,50601.0,0,0,0,0.04750578560078528,1,Normal
2026-10-09,14:03:21,Binary: /sbin/cupsaccept,24,2,50601.0,0,0,0,0.04733322810929902,1,Normal
2026-10-09,14:03:21,Binary: /sbin/cupsctl,21,2,50601.0,0,0,0,0.04732392761888632,1,Normal
2026-10-09,14:03:21,Binary: /sbin/cupsd,19,2,50601.0,0,0,0,0.04516898204966885,1,Normal
2026-10-09,14:03:21,Binary: /sbin/cupsdisable,25,2,50601.0,0,0,0,0.04750578560078528,1,Normal
2026-10-09,14:03:21,Binary: /sbin/cupsenable,24,2,50601.0,0,0,0,0.04733322810929902,1,Normal
2026-10-09,14:03:21,Binary: /sbin/cupsfilter,24,2,50601.0,0,0,0,0.04733322810929902,1,Normal
2026-10-09,14:03:21,Binary: /sbin/cupsreject,24,2,50601.0,0,0,0,0.04733322810929902,1,Normal
2026-10-09,14:03:21,Binary: /sbin/dbslower-bpfcc,28,2,50601.0,0,0,0,0.041338127143508485,1,Normal
2026-10-09,14:03:21,Binary: /sbin/dbstat-bpfcc,26,2,50601.0,0,0,0,0.039018166699169854,1,Normal
2026-10-09,14:03:22,Binary: /sbin/dcb,17,2,50602.0,0,0,0,0.044631176038105014,1,Normal
2026-10-09,14:03:22,Binary: /sbin/dcsnoop-bpfcc,27,2,50602.0,0,0,0,0.04042083586302303,1,Normal
2026-10-09,14:03:22,Binary: /sbin/dcsnoop.bt,24,2,50602.0,0,0,0,0.02535511765067211,1,Normal
2026-10-09,14:03:22,Binary: /sbin/dcstat-bpfcc,26,2,50602.0,0,0,0,0.03890457066250408,1,Normal
2026-10-09,14:03:22,Binary: /sbin/deadlock-bpfcc,28,2,50602.0,0,0,0,0.041338127143508485,1,Normal
2026-10-09,14:03:22,Binary: /sbin/debugfs,21,2,50602.0,0,0,0,0.04786636929969845,1,Normal
2026-10-09,14:03:22,Binary: /sbin/delgroup,22,2,50602.0,0,0,0,0.04804711713615856,1,Normal
2026-10-09,14:03:22,Binary: /sbin/deluser,21,2,50602.0,0,0,0,0.04786636929969845,1,Normal
2026-10-09,14:03:22,Binary: /sbin/depmod,20,2,50602.0,0,0,0,0.04762063994685778,1,Normal
2026-10-09,14:03:22,Binary: /sbin/devlink,21,2,50602.0,0,0,0,0.04786636929969845,1,Normal
2026-10-09,14:03:22,Binary: /sbin/dhcpcd,20,2,50602.0,0,0,0,0.04762063994685778,1,Normal
2026-10-09,14:03:22,Binary: /sbin/dirtop-bpfcc,26,2,50602.0,0,0,0,0.03890457066250408,1,Normal
2026-10-09,14:03:22,Binary: /sbin/dkms,18,2,50602.0,0,0,0,0.04593754113216869,1,Normal
2026-10-09,14:03:22,Binary: /sbin/dmidecode,23,2,50602.0,0,0,0,0.04845693318917904,1,Normal
2026-10-09,14:03:23,Binary: /sbin/dmsetup,21,2,50603.0,0,0,0,0.0477787081912443,1,Normal
2026-10-09,14:03:23,Binary: /sbin/dmstats,21,2,50603.0,0,0,0,0.0477787081912443,1,Normal
2026-10-09,14:03:23,Binary: /sbin/dnsmasq,21,2,50603.0,0,0,0,0.0477787081912443,1,Normal
2026-10-09,14:03:23,Binary: /sbin/dosfsck,21,2,50603.0,0,0,0,0.0477787081912443,1,Normal
2026-10-09,14:03:23,Binary: /sbin/dosfslabel,24,2,50603.0,0,0,0,0.04754374479897894,1,Normal
2026-10-09,14:03:23,Binary: /sbin/dpkg-preconfigure,31,2,50603.0,0,0,0,0.026495662221750538,1,Normal
2026-10-09,14:03:23,Binary: /sbin/dpkg-reconfigure,30,2,50603.0,0,0,0,0.027702576190901496,1,Normal
2026-10-09,14:03:23,Binary: /sbin/dpll,18,2,50603.0,0,0,0,0.04562675571954761,1,Normal
2026-10-09,14:03:23,Binary: /sbin/drsnoop-bpfcc,27,2,50603.0,0,0,0,0.04042083586302303,1,Normal
2026-10-09,14:03:23,Binary: /sbin/dump.exfat,24,2,50603.0,0,0,0,0.041412741437883316,1,Normal
2026-10-09,14:03:23,Binary: /sbin/dumpe2fs,22,2,50603.0,0,0,0,0.04784893376721849,1,Normal
2026-10-09,14:03:23,Binary: /sbin/e2freefrag,24,2,50603.0,0,0,0,0.04754374479897894,1,Normal
2026-10-09,14:03:23,Binary: /sbin/e2fsck,20,2,50603.0,0,0,0,0.04753291294123857,1,Normal
2026-10-09,14:03:23,Binary: /sbin/e2image,21,2,50603.0,0,0,0,0.0477787081912443,1,Normal
2026-10-09,14:03:24,Binary: /sbin/e2label,21,2,50604.0,0,0,0,0.04763188931464213,1,Normal
2026-10-09,14:03:24,Binary: /sbin/e2mmpstatus,25,2,50604.0,0,0,0,0.04749112123730537,1,Normal
2026-10-09,14:03:24,Binary: /sbin/e2scrub,21,2,50604.0,0,0,0,0.04763188931464213,1,Normal
2026-10-09,14:03:24,Binary: /sbin/e2scrub_all,25,2,50604.0,0,0,0,0.04749112123730537,1,Normal
2026-10-09,14:03:24,Binary: /sbin/e2undo,20,2,50604.0,0,0,0,0.04738598369701802,1,Normal
2026-10-09,14:03:24,Binary: /sbin/e4crypt,21,2,50604.0,0,0,0,0.04763188931464213,1,Normal
2026-10-09,14:03:24,Binary: /sbin/e4defrag,22,2,50604.0,0,0,0,0.04770214642348586,1,Normal
2026-10-09,14:03:24,Binary: /sbin/ebtables,22,2,50604.0,0,0,0,0.04863282287646786,1,Normal
2026-10-09,14:03:24,Binary: /sbin/ebtables-nft,26,2,50604.0,0,0,0,0.02718523179482868,1,Normal
2026-10-09,14:03:24,Binary: /sbin/ebtables-nft-restore,34,2,50604.0,0,0,0,0.010771078863458516,1,Normal
2026-10-09,14:03:24,Binary: /sbin/ebtables-nft-save,31,2,50604.0,0,0,0,0.019441042109283824,1,Normal
2026-10-09,14:03:24,Binary: /sbin/ebtables-restore,30,2,50604.0,0,0,0,0.029818493602896068,1,Normal
2026-10-09,14:03:24,Binary: /sbin/ebtables-save,27,2,50604.0,0,0,0,0.03703931396383081,1,Normal
2026-10-09,14:03:25,Binary: /sbin/ebtables-translate,32,2,50605.0,0,0,0,0.03380641158852332,1,Normal
2026-10-09,14:03:25,Binary: /sbin/ethtool,21,2,50605.0,0,0,0,0.047268351139810316,1,Normal
2026-10-09,14:03:25,Binary: /sbin/execsnoop-bpfcc,29,2,50605.0,0,0,0,0.04112313840346071,1,Normal
2026-10-09,14:03:25,Binary: /sbin/execsnoop.bt,26,2,50605.0,0,0,0,0.024741306800592222,1,Normal
2026-10-09,14:03:25,Binary: /sbin/exfat2img,23,2,50605.0,0,0,0,0.04794763474337799,1,Normal
2026-10-09,14:03:25,Binary: /sbin/exfatlabel,24,2,50605.0,0,0,0,0.04701002755131006,1,Normal
2026-10-09,14:03:25,Binary: /sbin/exitsnoop-bpfcc,29,2,50605.0,0,0,0,0.04112313840346071,1,Normal
2026-10-09,14:03:25,Binary: /sbin/ext4dist-bpfcc,28,2,50605.0,0,0,0,0.04139557112731396,1,Normal
2026-10-09,14:03:25,Binary: /sbin/ext4slower-bpfcc,30,2,50605.0,0,0,0,0.04112313840346071,1,Normal
2026-10-09,14:03:25,Binary: /sbin/f2fsslower-bpfcc,30,2,50605.0,0,0,0,0.04112313840346071,1,Normal
2026-10-09,14:03:25,Binary: /sbin/faillock,22,2,50605.0,0,0,0,0.047449429642784424,1,Normal
2026-10-09,14:03:25,Binary: /sbin/fatlabel,22,2,50605.0,0,0,0,0.047449429642784424,1,Normal
2026-10-09,14:03:25,Binary: /sbin/fdisk,19,2,50605.0,0,0,0,0.045224535908237495,1,Normal
2026-10-09,14:03:25,Binary: /sbin/filefrag,22,2,50605.0,0,0,0,0.047449429642784424,1,Normal
2026-10-09,14:03:25,Binary: /sbin/filegone-bpfcc,28,2,50605.0,0,0,0,0.04139557112731396,1,Normal
2026-10-09,14:03:26,Binary: /sbin/filelife-bpfcc,28,2,50606.0,0,0,0,0.04139557112731396,1,Normal
2026-10-09,14:03:26,Binary: /sbin/fileslower-bpfcc,30,2,50606.0,0,0,0,0.04112313840346071,1,Normal
2026-10-09,14:03:26,Binary: /sbin/filetop-bpfcc,27,2,50606.0,0,0,0,0.0403653359333811,1,Normal
2026-10-09,14:03:26,Binary: /sbin/findfs,20,2,50606.0,0,0,0,0.047146280876273816,1,Normal
2026-10-09,14:03:26,Binary: /sbin/fixparts,22,2,50606.0,0,0,0,0.04746267510156532,1,Normal
2026-10-09,14:03:26,Binary: /sbin/fsck,18,2,50606.0,0,0,0,0.037274792533741385,1,Normal
2026-10-09,14:03:26,Binary: /sbin/fsck.exfat,24,2,50606.0,0,0,0,0.03819448757289673,1,Normal
2026-10-09,14:03:26,Binary: /sbin/fsck.ext2,23,2,50606.0,0,0,0,0.03872677549842857,1,Normal
2026-10-09,14:03:26,Binary: /sbin/fsck.ext3,23,2,50606.0,0,0,0,0.03872677549842857,1,Normal
2026-10-09,14:03:26,Binary: /sbin/fsck.ext4,23,2,50606.0,0,0,0,0.03872677549842857,1,Normal
2026-10-09,14:03:26,Binary: /sbin/fsck.fat,22,2,50606.0,0,0,0,0.037742702242293646,1,Normal
2026-10-09,14:03:26,Binary: /sbin/fsck.msdos,24,2,50606.0,0,0,0,0.03819448757289673,1,Normal
2026-10-09,14:03:26,Binary: /sbin/fsck.vfat,23,2,50606.0,0,0,0,0.03872677549842857,1,Normal
2026-10-09,14:03:26,Binary: /sbin/fsfreeze,22,2,50606.0,0,0,0,0.04746267510156532,1,Normal
2026-10-09,14:03:26,Binary: /sbin/fstab-decode,26,2,50606.0,0,0,0,0.047117699212676445,1,Normal
2026-10-09,14:03:26,Binary: /sbin/fstrim,20,2,50606.0,0,0,0,0.047146280876273816,1,Normal
2026-10-09,14:03:26,Binary: /sbin/funccount-bpfcc,29,2,50606.0,0,0,0,0.04112313840346071,1,Normal
2026-10-09,14:03:26,Binary: /sbin/funcinterval-bpfcc,32,2,50606.0,0,0,0,0.038875539315050556,1,Normal
2026-10-09,14:03:27,Binary: /sbin/funclatency-bpfcc,31,2,50607.0,0,0,0,0.03921624161962889,1,Normal
2026-10-09,14:03:27,Binary: /sbin/funcslower-bpfcc,30,2,50607.0,0,0,0,0.04112313840346071,1,Normal
2026-10-09,14:03:27,Binary: /sbin/gdisk,19,2,50607.0,0,0,0,0.04511303979898379,1,Normal
2026-10-09,14:03:27,Binary: /sbin/gdm3,18,2,50607.0,0,0,0,0.04511303979898379,1,Normal
2026-10-09,14:03:27,Binary: /sbin/genl,18,2,50607.0,0,0,0,0.04511303979898379,1,Normal
2026-10-09,14:03:27,Binary: /sbin/getcap,20,2,50607.0,0,0,0,0.04725708927031469,1,Normal
2026-10-09,14:03:27,Binary: /sbin/gethostlatency-bpfcc,34,2,50607.0,0,0,0,0.03898914517116153,1,Normal
2026-10-09,14:03:27,Binary: /sbin/gethostlatency.bt,31,2,50607.0,0,0,0,0.025074762400701334,1,Normal
2026-10-09,14:03:27,Binary: /sbin/getpcaps,22,2,50607.0,0,0,0,0.04712772336846671,1,Normal
2026-10-09,14:03:27,Binary: /sbin/getty,19,2,50607.0,0,0,0,0.04511303979898379,1,Normal
2026-10-09,14:03:27,Binary: /sbin/getweb,20,2,50607.0,0,0,0,0.04725708927031469,1,Normal
2026-10-09,14:03:27,Binary: /sbin/gnome-menus-blacklist,35,2,50607.0,0,0,0,0.03151874792071757,1,Normal
2026-10-09,14:03:27,Binary: /sbin/gnuchroot,23,2,50607.0,0,0,0,0.04829234651693026,1,Normal
2026-10-09,14:03:27,Binary: /sbin/groupadd,22,2,50607.0,0,0,0,0.04712772336846671,1,Normal
2026-10-09,14:03:27,Binary: /sbin/groupdel,22,2,50607.0,0,0,0,0.04712772336846671,1,Normal
2026-10-09,14:03:27,Binary: /sbin/groupmod,22,2,50607.0,0,0,0,0.04712772336846671,1,Normal
2026-10-09,14:03:27,Binary: /sbin/grpck,19,2,50607.0,0,0,0,0.04511303979898379,1,Normal
2026-10-09,14:03:28,Binary: /sbin/grpconv,21,2,50608.0,0,0,0,0.04673600713828091,1,Normal
2026-10-09,14:03:28,Binary: /sbin/grpunconv,23,2,50608.0,0,0,0,0.04797222182755101,1,Normal
2026-10-09,14:03:28,Binary: /sbin/grub-bios-setup,29,2,50608.0,0,0,0,0.03210670565360607,1,Normal
2026-10-09,14:03:28,Binary: /sbin/grub-install,26,2,50608.0,0,0,0,0.034054580314094696,1,Normal
2026-10-09,14:03:28,Binary: /sbin/grub-macbless,27,2,50608.0,0,0,0,0.0323384570915366,1,Normal
2026-10-09,14:03:28,Binary: /sbin/grub-mkconfig,27,2,50608.0,0,0,0,0.0323384570915366,1,Normal
2026-10-09,14:03:28,Binary: /sbin/grub-mkdevicemap,30,2,50608.0,0,0,0,0.03210670565360607,1,Normal
2026-10-09,14:03:28,Binary: /sbin/grub-probe,24,2,50608.0,0,0,0,0.031365283588531634,1,Normal
2026-10-09,14:03:28,Binary: /sbin/grub-reboot,25,2,50608.0,0,0,0,0.03154782632185321,1,Normal
2026-10-09,14:03:28,Binary: /sbin/grub-set-default,30,2,50608.0,0,0,0,0.0023976056110160404,1,Normal
2026-10-09,14:03:28,Binary: /sbin/halt,18,2,50608.0,0,0,0,0.04478979750777318,1,Normal
2026-10-09,14:03:28,Binary: /sbin/hardirqs-bpfcc,28,2,50608.0,0,0,0,0.04103366896484667,1,Normal
2026-10-09,14:03:28,Binary: /sbin/hdparm,20,2,50608.0,0,0,0,0.04704682895195578,1,Normal
2026-10-09,14:03:28,Binary: /sbin/iconvconfig,25,2,50608.0,0,0,0,0.04690734940254093,1,Normal
2026-10-09,14:03:29,Binary: /sbin/init,18,2,50609.0,0,0,0,0.04465499562848041,1,Normal
2026-10-09,14:03:29,Binary: /sbin/inject-bpfcc,26,2,50609.0,0,0,0,0.038748763804999475,1,Normal
2026-10-09,14:03:29,Binary: /sbin/insmod,20,2,50609.0,0,0,0,0.04702383646648056,1,Normal
2026-10-09,14:03:29,Binary: /sbin/install-sgmlcatalog,33,2,50609.0,0,0,0,0.045329406050385324,1,Normal
2026-10-09,14:03:29,Binary: /sbin/installkernel,27,2,50609.0,0,0,0,0.046501974845110705,1,Normal
2026-10-09,14:03:29,Binary: /sbin/invoke-rc.d,25,2,50609.0,0,0,0,0.04690734940254093,1,Normal
2026-10-09,14:03:29,Binary: /sbin/ip,16,2,50609.0,0,0,0,0.04812847716131419,1,Normal
2026-10-09,14:03:29,Binary: /sbin/ip6tables,23,2,50609.0,0,0,0,0.045220044825497574,1,Normal
2026-10-09,14:03:29,Binary: /sbin/ip6tables-apply,29,2,50609.0,0,0,0,0.04439453632865159,1,Normal
2026-10-09,14:03:29,Binary: /sbin/ip6tables-legacy,30,2,50609.0,0,0,0,0.03580686862444771,1,Normal
2026-10-09,14:03:29,Binary: /sbin/ip6tables-legacy-restore,38,2,50609.0,0,0,0,0.018110905477695616,1,Normal
2026-10-09,14:03:29,Binary: /sbin/ip6tables-legacy-save,35,2,50609.0,0,0,0,0.021978782756331083,1,Normal
2026-10-09,14:03:29,Binary: /sbin/ip6tables-nft,27,2,50609.0,0,0,0,0.021171399113762035,1,Normal
2026-10-09,14:03:30,Binary: /sbin/ip6tables-nft-restore,35,2,50610.0,0,0,0,0.0037632969715312714,1,Normal
2026-10-09,14:03:30,Binary: /sbin/ip6tables-nft-save,32,2,50610.0,0,0,0,0.01223797802660781,1,Normal
2026-10-09,14:03:30,Binary: /sbin/ip6tables-restore,31,2,50610.0,0,0,0,0.02600483985290236,1,Normal
2026-10-09,14:03:30,Binary: /sbin/ip6tables-restore-translate,41,2,50610.0,0,0,0,0.011111926128549943,1,Normal
2026-10-09,14:03:30,Binary: /sbin/ip6tables-save,28,2,50610.0,0,0,0,0.03230873703718018,1,Normal
2026-10-09,14:03:30,Binary: /sbin/ip6tables-translate,33,2,50610.0,0,0,0,0.029674073678629898,1,Normal
2026-10-09,14:03:30,Binary: /sbin/ipp-usb,21,2,50610.0,0,0,0,0.04564585365573898,1,Normal
2026-10-09,14:03:30,Binary: /sbin/ippevepcl,23,2,50610.0,0,0,0,0.04688617686211627,1,Normal
2026-10-09,14:03:30,Binary: /sbin/ippeveprinter,27,2,50610.0,0,0,0,0.045434149198384954,1,Normal
2026-10-09,14:03:30,Binary: /sbin/ippeveps,22,2,50610.0,0,0,0,0.0457165373132995,1,Normal
2026-10-09,14:03:30,Binary: /sbin/iptables,22,2,50610.0,0,0,0,0.023256973639448675,1,Normal
2026-10-09,14:03:30,Binary: /sbin/iptables-apply,28,2,50610.0,0,0,0,0.024870592622040888,1,Normal
2026-10-09,14:03:31,Binary: /sbin/iptables-legacy,29,2,50611.0,0,0,0,0.018475594553818364,1,Normal
2026-10-09,14:03:31,Binary: /sbin/iptables-legacy-restore,37,2,50611.0,0,0,0,0.006965186266623069,1,Normal
2026-10-09,14:03:31,Binary: /sbin/iptables-legacy-save,34,2,50611.0,0,0,0,0.013126438693870424,1,Normal
2026-10-09,14:03:31,Binary: /sbin/iptables-nft,26,2,50611.0,0,0,0,0.0019092819445659104,1,Normal
2026-10-09,14:03:31,Binary: /sbin/iptables-nft-restore,34,2,50611.0,0,0,0,-0.007110216404551839,-1,Anomalía
2026-10-09,14:03:31,Binary: /sbin/iptables-nft-save,31,2,50611.0,0,0,0,0.0030978238914921574,1,Normal
2026-10-09,14:03:31,Binary: /sbin/iptables-restore,30,2,50611.0,0,0,0,0.005804268502116849,1,Normal
2026-10-09,14:03:31,Binary: /sbin/iptables-restore-translate,40,2,50611.0,0,0,0,-0.0011363336446872374,-1,Anomalía
2026-10-09,14:03:31,Binary: /sbin/iptables-save,27,2,50611.0,0,0,0,0.01544879044507702,1,Normal
2026-10-09,14:03:31,Binary: /sbin/iptables-translate,32,2,50611.0,0,0,0,0.011084834667788923,1,Normal
2026-10-09,14:03:31,Binary: /sbin/ispell-autobuildhash,34,2,50611.0,0,0,0,0.04229600548632656,1,Normal
2026-10-09,14:03:31,Binary: /sbin/iucode-tool,25,2,50611.0,0,0,0,0.037704043623493166,1,Normal
2026-10-09,14:03:31,Binary: /sbin/iucode_tool,25,2,50611.0,0,0,0,0.04574606612181942,1,Normal
2026-10-09,14:03:31,Binary: /sbin/iw,16,2,50611.0,0,0,0,0.041618652604020645,1,Normal
2026-10-09,14:03:32,Binary: /sbin/javacalls-bpfcc,29,2,50612.0,0,0,0,0.03889551589280088,1,Normal
2026-10-09,14:03:32,Binary: /sbin/javaflow-bpfcc,28,2,50612.0,0,0,0,0.038691781063585395,1,Normal
2026-10-09,14:03:32,Binary: /sbin/javagc-bpfcc,26,2,50612.0,0,0,0,0.03694573385556438,1,Normal
2026-10-09,14:03:32,Binary: /sbin/javaobjnew-bpfcc,30,2,50612.0,0,0,0,0.03900911499211529,1,Normal
2026-10-09,14:03:32,Binary: /sbin/javastat-bpfcc,28,2,50612.0,0,0,0,0.038691781063585395,1,Normal
2026-10-09,14:03:32,Binary: /sbin/javathreads-bpfcc,31,2,50612.0,0,0,0,0.037318516144587366,1,Normal
2026-10-09,14:03:32,Binary: /sbin/kbdrate,21,2,50612.0,0,0,0,0.04472542279614766,1,Normal
2026-10-09,14:03:32,Binary: /sbin/kdump-config,26,2,50612.0,0,0,0,0.0454764006140414,1,Normal
2026-10-09,14:03:32,Binary: /sbin/kexec,19,2,50612.0,0,0,0,0.043940301151703054,1,Normal
2026-10-09,14:03:32,Binary: /sbin/kexec-load-kernel,31,2,50612.0,0,0,0,0.043250078008634174,1,Normal
2026-10-09,14:03:32,Binary: /sbin/killall5,22,2,50612.0,0,0,0,0.04518080206172381,1,Normal
2026-10-09,14:03:32,Binary: /sbin/killsnoop-bpfcc,29,2,50612.0,0,0,0,0.03889551589280088,1,Normal
2026-10-09,14:03:32,Binary: /sbin/killsnoop.bt,26,2,50612.0,0,0,0,0.023338957401515537,1,Normal
2026-10-09,14:03:33,Binary: /sbin/klockstat-bpfcc,29,2,50613.0,0,0,0,0.03855448792503957,1,Normal
2026-10-09,14:03:33,Binary: /sbin/kvmexit-bpfcc,27,2,50613.0,0,0,0,0.037653189856603375,1,Normal
2026-10-09,14:03:33,Binary: /sbin/ldconfig,22,2,50613.0,0,0,0,0.04385323844286815,1,Normal
2026-10-09,14:03:33,Binary: /sbin/llcstat-bpfcc,27,2,50613.0,0,0,0,0.037653189856603375,1,Normal
2026-10-09,14:03:33,Binary: /sbin/loads.bt,22,2,50613.0,0,0,0,0.02102878259393698,1,Normal
2026-10-09,14:03:33,Binary: /sbin/locale-gen,24,2,50613.0,0,0,0,0.044708758786903835,1,Normal
2026-10-09,14:03:33,Binary: /sbin/logrotate,23,2,50613.0,0,0,0,0.044901386643401375,1,Normal
2026-10-09,14:03:33,Binary: /sbin/logsave,21,2,50613.0,0,0,0,0.04339602484537397,1,Normal
2026-10-09,14:03:33,Binary: /sbin/losetup,21,2,50613.0,0,0,0,0.04339602484537397,1,Normal
2026-10-09,14:03:33,Binary: /sbin/lpadmin,21,2,50613.0,0,0,0,0.04339602484537397,1,Normal
2026-10-09,14:03:33,Binary: /sbin/lpc,17,2,50613.0,0,0,0,0.04144374357915076,1,Normal
2026-10-09,14:03:33,Binary: /sbin/lpinfo,20,2,50613.0,0,0,0,0.04371001155333315,1,Normal
2026-10-09,14:03:33,Binary: /sbin/lpmove,20,2,50613.0,0,0,0,0.04371001155333315,1,Normal
2026-10-09,14:03:33,Binary: /sbin/lsmod,19,2,50613.0,0,0,0,0.044261683781152694,1,Normal
2026-10-09,14:03:34,Binary: /sbin/lspcmcia,22,2,50614.0,0,0,0,0.0433452615868794,1,Normal
2026-10-09,14:03:34,Binary: /sbin/lynis,19,2,50614.0,0,0,0,0.030868954016209704,1,Normal
2026-10-09,14:03:34,Binary: /sbin/make-ssl-cert,27,2,50614.0,0,0,0,0.04407701048432333,1,Normal
2026-10-09,14:03:34,Binary: /sbin/mdflush-bpfcc,27,2,50614.0,0,0,0,0.03788118988844358,1,Normal
2026-10-09,14:03:34,Binary: /sbin/mdflush.bt,24,2,50614.0,0,0,0,0.02201981790247276,1,Normal
2026-10-09,14:03:34,Binary: /sbin/memleak-bpfcc,27,2,50614.0,0,0,0,0.03788118988844358,1,Normal
2026-10-09,14:03:34,Binary: /sbin/mkdosfs,21,2,50614.0,0,0,0,0.042999595022363224,1,Normal
2026-10-09,14:03:34,Binary: /sbin/mke2fs,20,2,50614.0,0,0,0,0.04331395737856569,1,Normal
2026-10-09,14:03:34,Binary: /sbin/mkfs,18,2,50614.0,0,0,0,0.03264437010067217,1,Normal
2026-10-09,14:03:34,Binary: /sbin/mkfs.exfat,24,2,50614.0,0,0,0,0.03269326441681247,1,Normal
2026-10-09,14:03:34,Binary: /sbin/mkfs.ext2,23,2,50614.0,0,0,0,0.03282553563045065,1,Normal
2026-10-09,14:03:34,Binary: /sbin/mkfs.ext3,23,2,50614.0,0,0,0,0.03282553563045065,1,Normal
2026-10-09,14:03:34,Binary: /sbin/mkfs.ext4,23,2,50614.0,0,0,0,0.03282553563045065,1,Normal
2026-10-09,14:03:34,Binary: /sbin/mkfs.fat,22,2,50614.0,0,0,0,0.03270984431467777,1,Normal
2026-10-09,14:03:35,Binary: /sbin/mkfs.msdos,24,2,50615.0,0,0,0,0.0325775283470236,1,Normal
2026-10-09,14:03:35,Binary: /sbin/mkfs.ntfs,23,2,50615.0,0,0,0,0.027271789759697906,1,Normal
2026-10-09,14:03:35,Binary: /sbin/mkfs.vfat,23,2,50615.0,0,0,0,0.03270984431467777,1,Normal
2026-10-09,14:03:35,Binary: /sbin/mkhomedir_helper,30,2,50615.0,0,0,0,0.04308711403153498,1,Normal
2026-10-09,14:03:35,Binary: /sbin/mkinitramfs,25,2,50615.0,0,0,0,0.04433708210237758,1,Normal
2026-10-09,14:03:35,Binary: /sbin/mklost+found,26,2,50615.0,0,0,0,0.04433708210237758,1,Normal
2026-10-09,14:03:35,Binary: /sbin/mkntfs,20,2,50615.0,0,0,0,0.043426062002158206,1,Normal
2026-10-09,14:03:35,Binary: /sbin/mkswap,20,2,50615.0,0,0,0,0.043426062002158206,1,Normal
2026-10-09,14:03:35,Binary: /sbin/modinfo,21,2,50615.0,0,0,0,0.043111805974603734,1,Normal
2026-10-09,14:03:35,Binary: /sbin/modprobe,22,2,50615.0,0,0,0,0.04345735562226344,1,Normal
2026-10-09,14:03:35,Binary: /sbin/mount.fuse,24,2,50615.0,0,0,0,0.035752070892266063,1,Normal
2026-10-09,14:03:35,Binary: /sbin/mount.fuse3,25,2,50615.0,0,0,0,0.03604688300944353,1,Normal
2026-10-09,14:03:35,Binary: /sbin/mount.lowntfs-3g,30,2,50615.0,0,0,0,0.021453490887706594,1,Normal
2026-10-09,14:03:35,Binary: /sbin/mount.ntfs,24,2,50615.0,0,0,0,0.02853993642637087,1,Normal
2026-10-09,14:03:36,Binary: /sbin/mount.ntfs-3g,27,2,50616.0,0,0,0,0.015019811143017592,1,Normal
2026-10-09,14:03:36,Binary: /sbin/mount.vboxsf,26,2,50616.0,0,0,0,0.03604688300944353,1,Normal
2026-10-09,14:03:36,Binary: /sbin/mountsnoop-bpfcc,30,2,50616.0,0,0,0,0.03921265743983887,1,Normal
2026-10-09,14:03:36,Binary: /sbin/mptcpify-bpfcc,28,2,50616.0,0,0,0,0.03855448792503957,1,Normal
2026-10-09,14:03:36,Binary: /sbin/mysqld_qslower-bpfcc,34,2,50616.0,0,0,0,0.0372948411024282,1,Normal
2026-10-09,14:03:36,Binary: /sbin/naptime.bt,24,2,50616.0,0,0,0,0.021900470467945188,1,Normal
2026-10-09,14:03:36,Binary: /sbin/netplan,21,2,50616.0,0,0,0,0.043111805974603734,1,Normal
2026-10-09,14:03:36,Binary: /sbin/netqtop-bpfcc,27,2,50616.0,0,0,0,0.03788118988844358,1,Normal
2026-10-09,14:03:36,Binary: /sbin/newusers,22,2,50616.0,0,0,0,0.04345735562226344,1,Normal
2026-10-09,14:03:36,Binary: /sbin/nfnl_osf,22,2,50616.0,0,0,0,0.04345735562226344,1,Normal
2026-10-09,14:03:36,Binary: /sbin/nfsdist-bpfcc,27,2,50616.0,0,0,0,0.03788118988844358,1,Normal
2026-10-09,14:03:36,Binary: /sbin/nfsslower-bpfcc,29,2,50616.0,0,0,0,0.038985558565543976,1,Normal
2026-10-09,14:03:36,Binary: /sbin/nft,17,2,50616.0,0,0,0,0.026725881237765314,1,Normal
2026-10-09,14:03:36,Binary: /sbin/nodegc-bpfcc,26,2,50616.0,0,0,0,0.03667970216167271,1,Normal
2026-10-09,14:03:36,Binary: /sbin/nodestat-bpfcc,28,2,50616.0,0,0,0,0.03855448792503957,1,Normal
2026-10-09,14:03:36,Binary: /sbin/nologin,21,2,50616.0,0,0,0,0.043111805974603734,1,Normal
2026-10-09,14:03:36,Binary: /sbin/ntfsclone,23,2,50616.0,0,0,0,0.04475327578444277,1,Normal
2026-10-09,14:03:36,Binary: /sbin/ntfscp,20,2,50616.0,0,0,0,0.043165133728016725,1,Normal
2026-10-09,14:03:36,Binary: /sbin/ntfslabel,23,2,50616.0,0,0,0,0.04475327578444277,1,Normal
2026-10-09,14:03:36,Binary: /sbin/ntfsresize,24,2,50616.0,0,0,0,0.04456056143368736,1,Normal
2026-10-09,14:03:36,Binary: /sbin/ntfsundelete,26,2,50616.0,0,0,0,0.04422528572278683,1,Normal
2026-10-09,14:03:37,Binary: /sbin/numasched-bpfcc,29,2,50617.0,0,0,0,0.03887195149590361,1,Normal
2026-10-09,14:03:37,Binary: /sbin/offcputime-bpfcc,30,2,50617.0,0,0,0,0.039099127209190065,1,Normal
2026-10-09,14:03:37,Binary: /sbin/offwaketime-bpfcc,31,2,50617.0,0,0,0,0.03740898160748951,1,Normal
2026-10-09,14:03:37,Binary: /sbin/on_ac_power,25,2,50617.0,0,0,0,0.044001579471762586,1,Normal
2026-10-09,14:03:37,Binary: /sbin/oomkill-bpfcc,27,2,50617.0,0,0,0,0.037767209155235903,1,Normal
2026-10-09,14:03:37,Binary: /sbin/oomkill.bt,24,2,50617.0,0,0,0,0.021900470467945188,1,Normal
2026-10-09,14:03:37,Binary: /sbin/opensnoop-bpfcc,29,2,50617.0,0,0,0,0.03887195149590361,1,Normal
2026-10-09,14:03:37,Binary: /sbin/opensnoop.bt,26,2,50617.0,0,0,0,0.022207328624978484,1,Normal
2026-10-09,14:03:37,Binary: /sbin/openvpn,21,2,50617.0,0,0,0,0.04277505920517971,1,Normal
2026-10-09,14:03:37,Binary: /sbin/ownership,23,2,50617.0,0,0,0,0.04452992688514479,1,Normal
2026-10-09,14:03:37,Binary: /sbin/pam-auth-update,29,2,50617.0,0,0,0,0.04293764045466891,1,Normal
2026-10-09,14:03:37,Binary: /sbin/pam_extrausers_chkpwd,35,2,50617.0,0,0,0,0.04033982002485054,1,Normal
2026-10-09,14:03:37,Binary: /sbin/pam_extrausers_update,35,2,50617.0,0,0,0,0.04033982002485054,1,Normal
2026-10-09,14:03:37,Binary: /sbin/pam_getenv,24,2,50617.0,0,0,0,0.04433708210237758,1,Normal
2026-10-09,14:03:37,Binary: /sbin/pam_namespace_helper,34,2,50617.0,0,0,0,0.04084388140786516,1,Normal
2026-10-09,14:03:37,Binary: /sbin/pam_timestamp_check,33,2,50617.0,0,0,0,0.04084388140786516,1,Normal
2026-10-09,14:03:37,Binary: /sbin/paperconfig,25,2,50617.0,0,0,0,0.044001579471762586,1,Normal
2026-10-09,14:03:37,Binary: /sbin/parted,20,2,50617.0,0,0,0,0.04282844110730749,1,Normal
2026-10-09,14:03:38,Binary: /sbin/partprobe,23,2,50618.0,0,0,0,0.04452992688514479,1,Normal
2026-10-09,14:03:38,Binary: /sbin/pccardctl,23,2,50618.0,0,0,0,0.04452992688514479,1,Normal
2026-10-09,14:03:38,Binary: /sbin/perlcalls-bpfcc,29,2,50618.0,0,0,0,0.03875830598726748,1,Normal
2026-10-09,14:03:38,Binary: /sbin/perlflow-bpfcc,28,2,50618.0,0,0,0,0.03832694359157918,1,Normal
2026-10-09,14:03:38,Binary: /sbin/perlstat-bpfcc,28,2,50618.0,0,0,0,0.03832694359157918,1,Normal
,00:00:00,,0,0,0.0,0,0,0,0.0490821662786019,1,Normal
